url,http_status,final_url,redirect_chain,robots_directive,canonical,canonical_count,title,meta_description,h1,content_available,incoming_internal_links,internal_outgoing_links,schema,sitemap_membership,crawl_depth,indexability
/,200,https://www.pottyregisteredpuppies.com/,,"default index,follow",https://www.pottyregisteredpuppies.com,1,Potty Registered Puppies | Teacup & Toy Puppies for Sale in the UK,"Browse teacup and toy puppies listed in the UK. Potty Registered Puppies helps families compare breeds, read practical buyer guides, and make an informed enquiry.",Find the right puppy for your family,YES,0,42,Organization|WebSite,YES,0,INDEXABLE
/about,200,https://www.pottyregisteredpuppies.com/about,,"default index,follow",https://www.pottyregisteredpuppies.com/about,1,About Us | Potty Registered Puppies UK,"Potty Registered Puppies is a UK puppy marketplace helping families explore teacup and toy puppies, understand breed differences, and make an informed enquiry.",A considered way to find your companion in the UK,YES,4,15,Organization|WebSite,YES,1,INDEXABLE
/breeds,200,https://www.pottyregisteredpuppies.com/breeds,,"default index,follow",https://www.pottyregisteredpuppies.com/breeds,1,Dog Breed Profiles | Potty Registered Puppies UK,"Explore breed profiles for teacup and toy dogs available in the UK — covering temperament, care needs, and what to expect — to help you find the right match for your home.",Breed library,YES,2,30,Organization|WebSite,YES,1,INDEXABLE
/breeds/bichon-frise,200,https://www.pottyregisteredpuppies.com/breeds/bichon-frise,,"default index,follow",https://www.pottyregisteredpuppies.com/breeds/bichon-frise,1,Bichon Frisé Puppies for Sale UK | Potty Registered Puppies,"Powder-puff soft and endlessly cheerful, the Bichon Frisé is a gentle, hypoallergenic companion much loved across the UK for its playful nature and easy-going temperament. Find Bichon Frisé puppies for sale in the UK at Potty Registered Puppies.",Bichon Frisé,YES,4,21,Organization|WebSite|BreadcrumbList|WebPage,YES,1,INDEXABLE
/breeds/biewer-terrier,200,https://www.pottyregisteredpuppies.com/breeds/biewer-terrier,,"default index,follow",https://www.pottyregisteredpuppies.com/breeds/biewer-terrier,1,Biewer Terrier Puppies for Sale UK | Potty Registered Puppies,"A rare tri-coloured toy terrier originating from Germany, the Biewer Terrier is a charming, devoted companion growing in popularity across the UK for its unique beauty. Find Biewer Terrier puppies for sale in the UK at Potty Registered Puppies.",Biewer Terrier,YES,5,23,Organization|WebSite|BreadcrumbList|WebPage,YES,1,INDEXABLE
/breeds/chihuahua,200,https://www.pottyregisteredpuppies.com/breeds/chihuahua,,"default index,follow",https://www.pottyregisteredpuppies.com/breeds/chihuahua,1,Chihuahua Puppies for Sale UK | Potty Registered Puppies,"The world&#x27;s smallest breed, Chihuahuas are feisty, fiercely loyal companions with a surprisingly bold personality — increasingly popular across the UK for their compact size and character. Find Chihuahua puppies for sale in the UK at Potty Registered Puppies.",Chihuahua,YES,2,20,Organization|WebSite|BreadcrumbList|WebPage,YES,1,INDEXABLE
/breeds/coton-de-tulear,200,https://www.pottyregisteredpuppies.com/breeds/coton-de-tulear,,"default index,follow",https://www.pottyregisteredpuppies.com/breeds/coton-de-tulear,1,Coton de Tuléar Puppies for Sale UK | Potty Registered Puppies,"Named for their cotton-soft coat, Cotons are joyful, clownish companions originally bred for royalty — now cherished by families across the UK for their sunny disposition. Find Coton de Tuléar puppies for sale in the UK at Potty Registered Puppies.",Coton de Tuléar,YES,18,35,Organization|WebSite|BreadcrumbList|WebPage,YES,1,INDEXABLE
/breeds/dachshund,200,https://www.pottyregisteredpuppies.com/breeds/dachshund,,"default index,follow",https://www.pottyregisteredpuppies.com/breeds/dachshund,1,Dachshund Puppies for Sale UK | Potty Registered Puppies,"Brave, curious, and full of character, Dachshunds are one of the UK&#x27;s most iconic breeds — their long body and lively spirit make them unforgettable companions. Find Dachshund puppies for sale in the UK at Potty Registered Puppies.",Dachshund,YES,2,19,Organization|WebSite|BreadcrumbList|WebPage,YES,1,INDEXABLE
/breeds/doodle,200,https://www.pottyregisteredpuppies.com/breeds/doodle,,"default index,follow",https://www.pottyregisteredpuppies.com/breeds/doodle,1,Doodle Puppies for Sale UK | Potty Registered Puppies,"Doodles — crosses of Poodles with other beloved breeds — are celebrated for their friendly temperament, low-shedding coat, and adaptability to UK family life. Find Doodle puppies for sale in the UK at Potty Registered Puppies.",Doodle,YES,5,24,Organization|WebSite|BreadcrumbList|WebPage,YES,1,INDEXABLE
/breeds/frenchie,200,https://www.pottyregisteredpuppies.com/breeds/frenchie,,"default index,follow",https://www.pottyregisteredpuppies.com/breeds/frenchie,1,French Bulldog Puppies for Sale UK | Potty Registered Puppies,"Charming and easygoing, French Bulldogs are compact companions well suited to apartment living and relaxed UK households — one of the nation&#x27;s most beloved breeds. Find French Bulldog puppies for sale in the UK at Potty Registered Puppies.",French Bulldog,YES,5,20,Organization|WebSite|BreadcrumbList|WebPage,YES,1,INDEXABLE
/breeds/king-charles,200,https://www.pottyregisteredpuppies.com/breeds/king-charles,,"default index,follow",https://www.pottyregisteredpuppies.com/breeds/king-charles,1,Cavalier King Charles Spaniel Puppies for Sale UK | Potty Registered Puppies,"Gentle and affectionate lap companions, Cavalier King Charles Spaniels adapt beautifully to homes of all sizes across the UK and love being close to their people. Find Cavalier King Charles Spaniel puppies for sale in the UK at Potty Registered Puppies.",Cavalier King Charles Spaniel,YES,2,21,Organization|WebSite|BreadcrumbList|WebPage,YES,1,INDEXABLE
/breeds/maltese,200,https://www.pottyregisteredpuppies.com/breeds/maltese,,"default index,follow",https://www.pottyregisteredpuppies.com/breeds/maltese,1,Maltese Puppies for Sale UK | Potty Registered Puppies,"One of the oldest and most refined toy breeds, the Maltese is a silky-coated, gentle companion loved across the UK for its grace, charm, and unwavering devotion. Find Maltese puppies for sale in the UK at Potty Registered Puppies.",Maltese,YES,17,36,Organization|WebSite|BreadcrumbList|WebPage,YES,1,INDEXABLE
/breeds/maltipom,200,https://www.pottyregisteredpuppies.com/breeds/maltipom,,"default index,follow",https://www.pottyregisteredpuppies.com/breeds/maltipom,1,Maltipom Puppies for Sale UK | Potty Registered Puppies,"A rare and delightful blend of Maltese and Pomeranian, Maltipoms combine gentle sweetness with playful confidence — a sought-after companion in the UK. Find Maltipom puppies for sale in the UK at Potty Registered Puppies.",Maltipom,YES,2,23,Organization|WebSite|BreadcrumbList|WebPage,YES,1,INDEXABLE
/breeds/maltipoo,200,https://www.pottyregisteredpuppies.com/breeds/maltipoo,,"default index,follow",https://www.pottyregisteredpuppies.com/breeds/maltipoo,1,Maltipoo Puppies for Sale UK | Potty Registered Puppies,"A charming cross between the Maltese and Poodle, Maltipoos are affectionate, low-shedding companions perfectly suited to families and individuals across the UK. Find Maltipoo puppies for sale in the UK at Potty Registered Puppies.",Maltipoo,YES,12,110,Organization|WebSite|BreadcrumbList|WebPage,YES,1,INDEXABLE
/breeds/maltitzu,200,https://www.pottyregisteredpuppies.com/breeds/maltitzu,,"default index,follow",https://www.pottyregisteredpuppies.com/breeds/maltitzu,1,Maltitzu Puppies for Sale UK | Potty Registered Puppies,"A cross between the Maltese and Shih Tzu, Maltitzus are gentle, adaptable companions with a luxurious coat and calm temperament — perfectly suited to UK family life. Find Maltitzu puppies for sale in the UK at Potty Registered Puppies.",Maltitzu,YES,2,22,Organization|WebSite|BreadcrumbList|WebPage,YES,1,INDEXABLE
/breeds/mame-shiba,200,https://www.pottyregisteredpuppies.com/breeds/mame-shiba,,"default index,follow",https://www.pottyregisteredpuppies.com/breeds/mame-shiba,1,Mame Shiba Inu Puppies for Sale UK | Potty Registered Puppies,"The miniature &#x27;Mame&#x27; Shiba Inu is a rare and captivating Japanese breed with an alert, fox-like face and bold spirit — a truly distinctive companion for UK enthusiasts. Find Mame Shiba Inu puppies for sale in the UK at Potty Registered Puppies.",Mame Shiba Inu,YES,2,19,Organization|WebSite|BreadcrumbList|WebPage,YES,1,INDEXABLE
/breeds/mauzer,200,https://www.pottyregisteredpuppies.com/breeds/mauzer,,"default index,follow",https://www.pottyregisteredpuppies.com/breeds/mauzer,1,Mauzer Puppies for Sale UK | Potty Registered Puppies,"A spirited cross between the Maltese and Miniature Schnauzer, Mauzers inherit the Maltese&#x27;s gentle nature and the Schnauzer&#x27;s intelligence — a loyal, energetic companion for UK families. Find Mauzer puppies for sale in the UK at Potty Registered Puppies.",Mauzer,YES,2,19,Organization|WebSite|BreadcrumbList|WebPage,YES,1,INDEXABLE
/breeds/mini-schnauzer,200,https://www.pottyregisteredpuppies.com/breeds/mini-schnauzer,,"default index,follow",https://www.pottyregisteredpuppies.com/breeds/mini-schnauzer,1,Miniature Schnauzer Puppies for Sale UK | Potty Registered Puppies,"Robust, spirited, and endearingly whiskered, the Miniature Schnauzer is one of the most popular terrier breeds in the UK — intelligent, loyal, and famously low-shedding. Find Miniature Schnauzer puppies for sale in the UK at Potty Registered Puppies.",Miniature Schnauzer,YES,2,21,Organization|WebSite|BreadcrumbList|WebPage,YES,1,INDEXABLE
/breeds/morkie,200,https://www.pottyregisteredpuppies.com/breeds/morkie,,"default index,follow",https://www.pottyregisteredpuppies.com/breeds/morkie,1,Morkie Puppies for Sale UK | Potty Registered Puppies,"A delightful cross between the Maltese and Yorkshire Terrier, Morkies pack enormous personality into a tiny frame — spirited, loving companions popular throughout the UK. Find Morkie puppies for sale in the UK at Potty Registered Puppies.",Morkie,YES,19,23,Organization|WebSite|BreadcrumbList|WebPage,YES,1,INDEXABLE
/breeds/pomapoo,200,https://www.pottyregisteredpuppies.com/breeds/pomapoo,,"default index,follow",https://www.pottyregisteredpuppies.com/breeds/pomapoo,1,Pomapoo Puppies for Sale UK | Potty Registered Puppies,"A sweet cross between the Pomeranian and Toy Poodle, Pomapoos are cheerful, low-shedding companions with a fluffy coat and lively personality — perfect for UK households. Find Pomapoo puppies for sale in the UK at Potty Registered Puppies.",Pomapoo,YES,2,19,Organization|WebSite|BreadcrumbList|WebPage,YES,1,INDEXABLE
/breeds/pomeranian,200,https://www.pottyregisteredpuppies.com/breeds/pomeranian,,"default index,follow",https://www.pottyregisteredpuppies.com/breeds/pomeranian,1,Pomeranian Puppies for Sale UK | Potty Registered Puppies,"Bold, lively, and full of personality despite their tiny frame, Pomeranians are one of the most popular teacup breeds in the UK — devoted companions with a lion-like spirit. Find Pomeranian puppies for sale in the UK at Potty Registered Puppies.",Pomeranian,YES,14,86,Organization|WebSite|BreadcrumbList|WebPage,YES,1,INDEXABLE
/breeds/pomsky,200,https://www.pottyregisteredpuppies.com/breeds/pomsky,,"default index,follow",https://www.pottyregisteredpuppies.com/breeds/pomsky,1,Pomsky Puppies for Sale UK | Potty Registered Puppies,"A striking cross between the Pomeranian and Siberian Husky, Pomskies combine the Husky&#x27;s beautiful markings with a compact, manageable size — ideal for UK homes. Find Pomsky puppies for sale in the UK at Potty Registered Puppies.",Pomsky,YES,16,39,Organization|WebSite|BreadcrumbList|WebPage,YES,1,INDEXABLE
/breeds/poodle,200,https://www.pottyregisteredpuppies.com/breeds/poodle,,"default index,follow",https://www.pottyregisteredpuppies.com/breeds/poodle,1,Poodle Puppies for Sale UK | Potty Registered Puppies,"Elegant and remarkably intelligent, Poodles are trainable, low-shedding companions available in toy and teacup sizes — ideal for UK homes of all sizes. Find Poodle puppies for sale in the UK at Potty Registered Puppies.",Poodle,YES,13,130,Organization|WebSite|BreadcrumbList|WebPage,YES,1,INDEXABLE
/breeds/pug,200,https://www.pottyregisteredpuppies.com/breeds/pug,,"default index,follow",https://www.pottyregisteredpuppies.com/breeds/pug,1,Pug Puppies for Sale UK | Potty Registered Puppies,"Charming, mischievous, and endlessly entertaining, the Pug is one of the UK&#x27;s most recognisable breeds — a compact, devoted companion with a big personality. Find Pug puppies for sale in the UK at Potty Registered Puppies.",Pug,YES,2,19,Organization|WebSite|BreadcrumbList|WebPage,YES,1,INDEXABLE
/breeds/shih-zhu,200,https://www.pottyregisteredpuppies.com/breeds/shih-zhu,,"default index,follow",https://www.pottyregisteredpuppies.com/breeds/shih-zhu,1,Shih Tzu Puppies for Sale UK | Potty Registered Puppies,"Originally bred for Chinese royalty, the Shih Tzu is a trusting, affectionate companion with a flowing coat and gentle temperament — one of the UK&#x27;s most cherished toy breeds. Find Shih Tzu puppies for sale in the UK at Potty Registered Puppies.",Shih Tzu,YES,2,19,Organization|WebSite|BreadcrumbList|WebPage,YES,1,INDEXABLE
/breeds/yorkie,200,https://www.pottyregisteredpuppies.com/breeds/yorkie,,"default index,follow",https://www.pottyregisteredpuppies.com/breeds/yorkie,1,Yorkshire Terrier Puppies for Sale UK | Potty Registered Puppies,"One of Britain&#x27;s most beloved toy breeds, Yorkshire Terriers are spirited, affectionate companions with a silky coat and larger-than-life personality that wins hearts across the UK. Find Yorkshire Terrier puppies for sale in the UK at Potty Registered Puppies.",Yorkshire Terrier,YES,15,43,Organization|WebSite|BreadcrumbList|WebPage,YES,1,INDEXABLE
/contact,200,https://www.pottyregisteredpuppies.com/contact,,"default index,follow",https://www.pottyregisteredpuppies.com/contact,1,Contact Potty Registered Puppies | UK Puppy Enquiries,"Send Potty Registered Puppies an enquiry about a puppy, breed, viewing, or the puppy-buying process. We are here to help UK families ask the right questions.",How can we help?,YES,5,15,Organization|WebSite,YES,1,INDEXABLE
/guides,200,https://www.pottyregisteredpuppies.com/guides,,"index, follow",https://www.pottyregisteredpuppies.com/guides,1,Puppy Buyer Guide UK | Potty Registered Puppies,"Practical UK guidance for choosing, preparing for, and caring for a new puppy. Written to help families make a confident, informed decision.",Buyer guide,YES,3,27,Organization|WebSite,YES,1,INDEXABLE
/guides?category=Getting%20Started,200,https://www.pottyregisteredpuppies.com/guides?category=Getting%20Started,,"noindex, follow",https://www.pottyregisteredpuppies.com/guides,1,Puppy Buyer Guide UK | Potty Registered Puppies,"Practical UK guidance for choosing, preparing for, and caring for a new puppy. Written to help families make a confident, informed decision.",Buyer guide,YES,1,22,Organization|WebSite,NO,2,NOINDEX
/guides?category=Guidance,200,https://www.pottyregisteredpuppies.com/guides?category=Guidance,,"noindex, follow",https://www.pottyregisteredpuppies.com/guides,1,Puppy Buyer Guide UK | Potty Registered Puppies,"Practical UK guidance for choosing, preparing for, and caring for a new puppy. Written to help families make a confident, informed decision.",Buyer guide,YES,3,22,Organization|WebSite,NO,2,NOINDEX
/guides?category=Health,200,https://www.pottyregisteredpuppies.com/guides?category=Health,,"noindex, follow",https://www.pottyregisteredpuppies.com/guides,1,Puppy Buyer Guide UK | Potty Registered Puppies,"Practical UK guidance for choosing, preparing for, and caring for a new puppy. Written to help families make a confident, informed decision.",Buyer guide,YES,5,22,Organization|WebSite,NO,2,NOINDEX
/guides?category=Lifestyle,200,https://www.pottyregisteredpuppies.com/guides?category=Lifestyle,,"noindex, follow",https://www.pottyregisteredpuppies.com/guides,1,Puppy Buyer Guide UK | Potty Registered Puppies,"Practical UK guidance for choosing, preparing for, and caring for a new puppy. Written to help families make a confident, informed decision.",Buyer guide,YES,6,22,Organization|WebSite,NO,2,NOINDEX
/guides?category=Preparation,200,https://www.pottyregisteredpuppies.com/guides?category=Preparation,,"noindex, follow",https://www.pottyregisteredpuppies.com/guides,1,Puppy Buyer Guide UK | Potty Registered Puppies,"Practical UK guidance for choosing, preparing for, and caring for a new puppy. Written to help families make a confident, informed decision.",Buyer guide,YES,2,22,Organization|WebSite,NO,2,NOINDEX
/guides?category=Training,200,https://www.pottyregisteredpuppies.com/guides?category=Training,,"noindex, follow",https://www.pottyregisteredpuppies.com/guides,1,Puppy Buyer Guide UK | Potty Registered Puppies,"Practical UK guidance for choosing, preparing for, and caring for a new puppy. Written to help families make a confident, informed decision.",Buyer guide,YES,4,22,Organization|WebSite,NO,2,NOINDEX
/guides/choosing-the-right-breed,200,https://www.pottyregisteredpuppies.com/guides/choosing-the-right-breed,,"default index,follow",https://www.pottyregisteredpuppies.com/guides/choosing-the-right-breed,1,Choosing the Right Breed for Your Family | Potty Registered Puppies,"Understand how energy levels, living space, and lifestyle shape the right match between a breed and your household.",Choosing the Right Breed for Your Family,YES,24,18,Organization|WebSite|BreadcrumbList|Article,YES,1,INDEXABLE
/guides/health-and-care,200,https://www.pottyregisteredpuppies.com/guides/health-and-care,,"default index,follow",https://www.pottyregisteredpuppies.com/guides/health-and-care,1,Health & Care in the First Months | Potty Registered Puppies,"What to expect from early veterinary care, nutrition, and everyday wellbeing.",Health & Care in the First Months,YES,41,18,Organization|WebSite|BreadcrumbList|Article,YES,1,INDEXABLE
/guides/pet-insurance-guide,200,https://www.pottyregisteredpuppies.com/guides/pet-insurance-guide,,"default index,follow",https://www.pottyregisteredpuppies.com/guides/pet-insurance-guide,1,Pet Insurance for Puppies: What UK Owners Need to Know | Potty Registered Puppies,"A clear-headed look at the types of cover available in the UK, what the small print typically excludes, and how to choose a policy that will still be worth having in five years.",Pet Insurance for Puppies: What UK Owners Need to Know,YES,3,17,Organization|WebSite|BreadcrumbList|Article,YES,1,INDEXABLE
/guides/preparing-for-a-puppy,200,https://www.pottyregisteredpuppies.com/guides/preparing-for-a-puppy,,"default index,follow",https://www.pottyregisteredpuppies.com/guides/preparing-for-a-puppy,1,Preparing Your Home for a New Puppy | Potty Registered Puppies,"A practical checklist for setting up a safe, comfortable space before your puppy arrives.",Preparing Your Home for a New Puppy,YES,18,17,Organization|WebSite|BreadcrumbList|Article,YES,1,INDEXABLE
/guides/puppy-training-basics,200,https://www.pottyregisteredpuppies.com/guides/puppy-training-basics,,"default index,follow",https://www.pottyregisteredpuppies.com/guides/puppy-training-basics,1,Puppy Training Basics: Building Good Habits Early | Potty Registered Puppies,"How to start training your puppy from day one — covering recall, crate manners, loose-lead walking, and the reward-based methods that actually work.",Puppy Training Basics: Building Good Habits Early,YES,13,17,Organization|WebSite|BreadcrumbList|Article,YES,1,INDEXABLE
/guides/questions-to-ask,200,https://www.pottyregisteredpuppies.com/guides/questions-to-ask,,"default index,follow",https://www.pottyregisteredpuppies.com/guides/questions-to-ask,1,Questions to Ask Before You Commit | Potty Registered Puppies,"The important questions that help you make an informed, confident decision about a puppy.",Questions to Ask Before You Commit,YES,32,18,Organization|WebSite|BreadcrumbList|Article,YES,1,INDEXABLE
/guides/travelling-with-your-puppy,200,https://www.pottyregisteredpuppies.com/guides/travelling-with-your-puppy,,"default index,follow",https://www.pottyregisteredpuppies.com/guides/travelling-with-your-puppy,1,Travelling with Your Puppy: Car Trips and Holidays | Potty Registered Puppies,How to help your puppy travel calmly and safely — from the first car journey home to longer UK road trips and holidays with dogs.,Travelling with Your Puppy: Car Trips and Holidays,YES,3,17,Organization|WebSite|BreadcrumbList|Article,YES,1,INDEXABLE
/puppies,200,https://www.pottyregisteredpuppies.com/puppies,,"default index,follow",https://www.pottyregisteredpuppies.com/puppies,1,Teacup & Toy Puppies for Sale UK | Potty Registered Puppies,"Browse teacup and toy puppies for sale across the UK. Filter by breed, sex, and age to find your perfect companion. All listings at Potty Registered Puppies.",Puppies for Sale in the UK,YES,1,405,Organization|WebSite|BreadcrumbList|ItemList,YES,1,INDEXABLE
/puppies/aaron-male-2,200,https://www.pottyregisteredpuppies.com/puppies/aaron-male-2,,"default index,follow",https://www.pottyregisteredpuppies.com/puppies/aaron-male-2,1,Aaron — Maltipom Puppy | aaron-male-2 | Potty Registered Puppies,"Meet Aaron, a MERLE Maltipom puppy available to enquire about. 12 weeks old, male. Enquire with Potty Registered Puppies. Listing reference: aaron-male-2.",Aaron,YES,4,21,Organization|WebSite|BreadcrumbList|Product,YES,2,INDEXABLE
/puppies/agatha-female-3,200,https://www.pottyregisteredpuppies.com/puppies/agatha-female-3,,"default index,follow",https://www.pottyregisteredpuppies.com/puppies/agatha-female-3,1,Agatha — Poodle Puppy | agatha-female-3 | Potty Registered Puppies,"Meet Agatha, a PARTI Poodle puppy available to enquire about. 12 weeks old, female. Enquire with Potty Registered Puppies. Listing reference: agatha-female-3.",Agatha,YES,2,20,Organization|WebSite|BreadcrumbList|Product,YES,2,INDEXABLE
/puppies/agatha-female-4,200,https://www.pottyregisteredpuppies.com/puppies/agatha-female-4,,"default index,follow",https://www.pottyregisteredpuppies.com/puppies/agatha-female-4,1,Agatha — Poodle Puppy | agatha-female-4 | Potty Registered Puppies,"Meet Agatha, a APRICOT Poodle puppy available to enquire about. 12 weeks old, female. Enquire with Potty Registered Puppies. Listing reference: agatha-female-4.",Agatha,YES,2,20,Organization|WebSite|BreadcrumbList|Product,YES,2,INDEXABLE
/puppies/agatha-female-5,200,https://www.pottyregisteredpuppies.com/puppies/agatha-female-5,,"default index,follow",https://www.pottyregisteredpuppies.com/puppies/agatha-female-5,1,Agatha — Poodle Puppy | agatha-female-5 | Potty Registered Puppies,"Meet Agatha, a APRICOT Poodle puppy available to enquire about. 12 weeks old, female. Enquire with Potty Registered Puppies. Listing reference: agatha-female-5.",Agatha,YES,2,20,Organization|WebSite|BreadcrumbList|Product,YES,2,INDEXABLE
/puppies/agatha-female-6,200,https://www.pottyregisteredpuppies.com/puppies/agatha-female-6,,"default index,follow",https://www.pottyregisteredpuppies.com/puppies/agatha-female-6,1,Agatha — Poodle Puppy | agatha-female-6 | Potty Registered Puppies,"Meet Agatha, a RED Poodle puppy available to enquire about. 12 weeks old, female. Enquire with Potty Registered Puppies. Listing reference: agatha-female-6.",Agatha,YES,2,20,Organization|WebSite|BreadcrumbList|Product,YES,2,INDEXABLE
/puppies/agatha-female-7,200,https://www.pottyregisteredpuppies.com/puppies/agatha-female-7,,"default index,follow",https://www.pottyregisteredpuppies.com/puppies/agatha-female-7,1,Agatha — Poodle Puppy | agatha-female-7 | Potty Registered Puppies,"Meet Agatha, a APRICOT Poodle puppy available to enquire about. 12 weeks old, female. Enquire with Potty Registered Puppies. Listing reference: agatha-female-7.",Agatha,YES,2,20,Organization|WebSite|BreadcrumbList|Product,YES,2,INDEXABLE
/puppies/alfie-male,200,https://www.pottyregisteredpuppies.com/puppies/alfie-male,,"default index,follow",https://www.pottyregisteredpuppies.com/puppies/alfie-male,1,Alfie — King Charles Puppy | alfie-male | Potty Registered Puppies,"Meet Alfie, a BLENHEIM King Charles puppy available to enquire about. 12 weeks old, male. Enquire with Potty Registered Puppies. Listing reference: alfie-male.",Alfie,YES,4,20,Organization|WebSite|BreadcrumbList|Product,YES,2,INDEXABLE
/puppies/amber-female,200,https://www.pottyregisteredpuppies.com/puppies/amber-female,,"default index,follow",https://www.pottyregisteredpuppies.com/puppies/amber-female,1,Amber — Poodle Puppy | amber-female | Potty Registered Puppies,"Meet Amber, a RED Poodle puppy available to enquire about. 12 weeks old, female. Enquire with Potty Registered Puppies. Listing reference: amber-female.",Amber,YES,2,20,Organization|WebSite|BreadcrumbList|Product,YES,2,INDEXABLE
/puppies/amber-female-1,200,https://www.pottyregisteredpuppies.com/puppies/amber-female-1,,"default index,follow",https://www.pottyregisteredpuppies.com/puppies/amber-female-1,1,Amber — Poodle Puppy | amber-female-1 | Potty Registered Puppies,"Meet Amber, a RED Poodle puppy available to enquire about. 12 weeks old, female. Enquire with Potty Registered Puppies. Listing reference: amber-female-1.",Amber,YES,2,20,Organization|WebSite|BreadcrumbList|Product,YES,2,INDEXABLE
/puppies/amber-female-2,200,https://www.pottyregisteredpuppies.com/puppies/amber-female-2,,"default index,follow",https://www.pottyregisteredpuppies.com/puppies/amber-female-2,1,Amber — Poodle Puppy | amber-female-2 | Potty Registered Puppies,"Meet Amber, a APRICOT Poodle puppy available to enquire about. 12 weeks old, female. Enquire with Potty Registered Puppies. Listing reference: amber-female-2.",Amber,YES,2,20,Organization|WebSite|BreadcrumbList|Product,YES,2,INDEXABLE
/puppies/amber-female-3,200,https://www.pottyregisteredpuppies.com/puppies/amber-female-3,,"default index,follow",https://www.pottyregisteredpuppies.com/puppies/amber-female-3,1,Amber — Poodle Puppy | amber-female-3 | Potty Registered Puppies,"Meet Amber, a RED Poodle puppy available to enquire about. 12 weeks old, female. Enquire with Potty Registered Puppies. Listing reference: amber-female-3.",Amber,YES,2,20,Organization|WebSite|BreadcrumbList|Product,YES,2,INDEXABLE
/puppies/amber-female-4,200,https://www.pottyregisteredpuppies.com/puppies/amber-female-4,,"default index,follow",https://www.pottyregisteredpuppies.com/puppies/amber-female-4,1,Amber — Poodle Puppy | amber-female-4 | Potty Registered Puppies,"Meet Amber, a CREAM Poodle puppy available to enquire about. 12 weeks old, female. Enquire with Potty Registered Puppies. Listing reference: amber-female-4.",Amber,YES,2,20,Organization|WebSite|BreadcrumbList|Product,YES,2,INDEXABLE
/puppies/amber-female-5,200,https://www.pottyregisteredpuppies.com/puppies/amber-female-5,,"default index,follow",https://www.pottyregisteredpuppies.com/puppies/amber-female-5,1,Amber — Poodle Puppy | amber-female-5 | Potty Registered Puppies,"Meet Amber, a RED Poodle puppy available to enquire about. 12 weeks old, female. Enquire with Potty Registered Puppies. Listing reference: amber-female-5.",Amber,YES,2,20,Organization|WebSite|BreadcrumbList|Product,YES,2,INDEXABLE
/puppies/amber-female-6,200,https://www.pottyregisteredpuppies.com/puppies/amber-female-6,,"default index,follow",https://www.pottyregisteredpuppies.com/puppies/amber-female-6,1,Amber — Poodle Puppy | amber-female-6 | Potty Registered Puppies,"Meet Amber, a RED Poodle puppy available to enquire about. 12 weeks old, female. Enquire with Potty Registered Puppies. Listing reference: amber-female-6.",Amber,YES,3,20,Organization|WebSite|BreadcrumbList|Product,YES,2,INDEXABLE
/puppies/amelia-female-4,200,https://www.pottyregisteredpuppies.com/puppies/amelia-female-4,,"default index,follow",https://www.pottyregisteredpuppies.com/puppies/amelia-female-4,1,Amelia — Poodle Puppy | amelia-female-4 | Potty Registered Puppies,"Meet Amelia, a RED Poodle puppy available to enquire about. 12 weeks old, female. Enquire with Potty Registered Puppies. Listing reference: amelia-female-4.",Amelia,YES,2,20,Organization|WebSite|BreadcrumbList|Product,YES,2,INDEXABLE
/puppies/amelia-female-5,200,https://www.pottyregisteredpuppies.com/puppies/amelia-female-5,,"default index,follow",https://www.pottyregisteredpuppies.com/puppies/amelia-female-5,1,Amelia — Poodle Puppy | amelia-female-5 | Potty Registered Puppies,"Meet Amelia, a RED Poodle puppy available to enquire about. 12 weeks old, female. Enquire with Potty Registered Puppies. Listing reference: amelia-female-5.",Amelia,YES,2,20,Organization|WebSite|BreadcrumbList|Product,YES,2,INDEXABLE
/puppies/amelia-female-6,200,https://www.pottyregisteredpuppies.com/puppies/amelia-female-6,,"default index,follow",https://www.pottyregisteredpuppies.com/puppies/amelia-female-6,1,Amelia — Poodle Puppy | amelia-female-6 | Potty Registered Puppies,"Meet Amelia, a CREAM Poodle puppy available to enquire about. 12 weeks old, female. Enquire with Potty Registered Puppies. Listing reference: amelia-female-6.",Amelia,YES,2,20,Organization|WebSite|BreadcrumbList|Product,YES,2,INDEXABLE
/puppies/amelia-female-7,200,https://www.pottyregisteredpuppies.com/puppies/amelia-female-7,,"default index,follow",https://www.pottyregisteredpuppies.com/puppies/amelia-female-7,1,Amelia — Poodle Puppy | amelia-female-7 | Potty Registered Puppies,"Meet Amelia, a APRICOT Poodle puppy available to enquire about. 12 weeks old, female. Enquire with Potty Registered Puppies. Listing reference: amelia-female-7.",Amelia,YES,2,20,Organization|WebSite|BreadcrumbList|Product,YES,2,INDEXABLE
/puppies/archie-male,200,https://www.pottyregisteredpuppies.com/puppies/archie-male,,"default index,follow",https://www.pottyregisteredpuppies.com/puppies/archie-male,1,Archie — Maltese Puppy | archie-male | Potty Registered Puppies,"Meet Archie, a WHITE Maltese puppy available to enquire about. 12 weeks old, male. Enquire with Potty Registered Puppies. Listing reference: archie-male.",Archie,YES,2,20,Organization|WebSite|BreadcrumbList|Product,YES,2,INDEXABLE
/puppies/aria-female,200,https://www.pottyregisteredpuppies.com/puppies/aria-female,,"default index,follow",https://www.pottyregisteredpuppies.com/puppies/aria-female,1,Aria — Pomeranian Puppy | aria-female | Potty Registered Puppies,"Meet Aria, a BLUE MERLE Pomeranian puppy available to enquire about. 12 weeks old, female. Enquire with Potty Registered Puppies. Listing reference: aria-female.",Aria,YES,2,20,Organization|WebSite|BreadcrumbList|Product,YES,2,INDEXABLE
/puppies/arlo-male-1,200,https://www.pottyregisteredpuppies.com/puppies/arlo-male-1,,"default index,follow",https://www.pottyregisteredpuppies.com/puppies/arlo-male-1,1,Arlo — Poodle Puppy | arlo-male-1 | Potty Registered Puppies,"Meet Arlo, a RED Poodle puppy available to enquire about. 12 weeks old, male. Enquire with Potty Registered Puppies. Listing reference: arlo-male-1.",Arlo,YES,2,20,Organization|WebSite|BreadcrumbList|Product,YES,2,INDEXABLE
/puppies/arlo-male-2,200,https://www.pottyregisteredpuppies.com/puppies/arlo-male-2,,"default index,follow",https://www.pottyregisteredpuppies.com/puppies/arlo-male-2,1,Arlo — Poodle Puppy | arlo-male-2 | Potty Registered Puppies,"Meet Arlo, a RED Poodle puppy available to enquire about. 12 weeks old, male. Enquire with Potty Registered Puppies. Listing reference: arlo-male-2.",Arlo,YES,2,20,Organization|WebSite|BreadcrumbList|Product,YES,2,INDEXABLE
/puppies/arlo-male-3,200,https://www.pottyregisteredpuppies.com/puppies/arlo-male-3,,"default index,follow",https://www.pottyregisteredpuppies.com/puppies/arlo-male-3,1,Arlo — Poodle Puppy | arlo-male-3 | Potty Registered Puppies,"Meet Arlo, a RED Poodle puppy available to enquire about. 12 weeks old, male. Enquire with Potty Registered Puppies. Listing reference: arlo-male-3.",Arlo,YES,2,20,Organization|WebSite|BreadcrumbList|Product,YES,2,INDEXABLE
/puppies/arlo-male-4,200,https://www.pottyregisteredpuppies.com/puppies/arlo-male-4,,"default index,follow",https://www.pottyregisteredpuppies.com/puppies/arlo-male-4,1,Arlo — Poodle Puppy | arlo-male-4 | Potty Registered Puppies,"Meet Arlo, a RED Poodle puppy available to enquire about. 12 weeks old, male. Enquire with Potty Registered Puppies. Listing reference: arlo-male-4.",Arlo,YES,2,20,Organization|WebSite|BreadcrumbList|Product,YES,2,INDEXABLE
/puppies/arlo-male-5,200,https://www.pottyregisteredpuppies.com/puppies/arlo-male-5,,"default index,follow",https://www.pottyregisteredpuppies.com/puppies/arlo-male-5,1,Arlo — Poodle Puppy | arlo-male-5 | Potty Registered Puppies,"Meet Arlo, a RED Poodle puppy available to enquire about. 12 weeks old, male. Enquire with Potty Registered Puppies. Listing reference: arlo-male-5.",Arlo,YES,2,20,Organization|WebSite|BreadcrumbList|Product,YES,2,INDEXABLE
/puppies/arlo-male-6,200,https://www.pottyregisteredpuppies.com/puppies/arlo-male-6,,"default index,follow",https://www.pottyregisteredpuppies.com/puppies/arlo-male-6,1,Arlo — Poodle Puppy | arlo-male-6 | Potty Registered Puppies,"Meet Arlo, a RED Poodle puppy available to enquire about. 16 weeks old, male. Enquire with Potty Registered Puppies. Listing reference: arlo-male-6.",Arlo,YES,5,20,Organization|WebSite|BreadcrumbList|Product,YES,2,INDEXABLE
/puppies/arthur-male-1,200,https://www.pottyregisteredpuppies.com/puppies/arthur-male-1,,"default index,follow",https://www.pottyregisteredpuppies.com/puppies/arthur-male-1,1,Arthur — King Charles Puppy | arthur-male-1 | Potty Registered Puppies,"Meet Arthur, a BLENHEIM King Charles puppy available to enquire about. 12 weeks old, male. Enquire with Potty Registered Puppies. Listing reference: arthur-male-1.",Arthur,YES,3,20,Organization|WebSite|BreadcrumbList|Product,YES,2,INDEXABLE
/puppies/arthur-male-2,200,https://www.pottyregisteredpuppies.com/puppies/arthur-male-2,,"default index,follow",https://www.pottyregisteredpuppies.com/puppies/arthur-male-2,1,Arthur — Coton De Tulear Puppy | arthur-male-2 | Potty Registered Puppies,"Meet Arthur, a PARTI Coton De Tulear puppy available to enquire about. 12 weeks old, male. Enquire with Potty Registered Puppies. Listing reference: arthur-male-2.",Arthur,YES,2,20,Organization|WebSite|BreadcrumbList|Product,YES,2,INDEXABLE
/puppies/aspen-male-3,200,https://www.pottyregisteredpuppies.com/puppies/aspen-male-3,,"default index,follow",https://www.pottyregisteredpuppies.com/puppies/aspen-male-3,1,Aspen — Pomeranian Puppy | aspen-male-3 | Potty Registered Puppies,"Meet Aspen, a MERLE PARTI Pomeranian puppy available to enquire about. 12 weeks old, male. Enquire with Potty Registered Puppies. Listing reference: aspen-male-3.",Aspen,YES,2,20,Organization|WebSite|BreadcrumbList|Product,YES,2,INDEXABLE
/puppies/aspen-male-4,200,https://www.pottyregisteredpuppies.com/puppies/aspen-male-4,,"default index,follow",https://www.pottyregisteredpuppies.com/puppies/aspen-male-4,1,Aspen — Pomeranian Puppy | aspen-male-4 | Potty Registered Puppies,"Meet Aspen, a BLUE MERLE Pomeranian puppy available to enquire about. 12 weeks old, male. Enquire with Potty Registered Puppies. Listing reference: aspen-male-4.",Aspen,YES,2,20,Organization|WebSite|BreadcrumbList|Product,YES,2,INDEXABLE
/puppies/aspen-male-5,200,https://www.pottyregisteredpuppies.com/puppies/aspen-male-5,,"default index,follow",https://www.pottyregisteredpuppies.com/puppies/aspen-male-5,1,Aspen — Pomeranian Puppy | aspen-male-5 | Potty Registered Puppies,"Meet Aspen, a WHITE Pomeranian puppy available to enquire about. 12 weeks old, male. Enquire with Potty Registered Puppies. Listing reference: aspen-male-5.",Aspen,YES,2,20,Organization|WebSite|BreadcrumbList|Product,YES,2,INDEXABLE
/puppies/aurora-female,200,https://www.pottyregisteredpuppies.com/puppies/aurora-female,,"default index,follow",https://www.pottyregisteredpuppies.com/puppies/aurora-female,1,Aurora — Doodle Puppy | aurora-female | Potty Registered Puppies,"Meet Aurora, a CHOCOLATE MERLE Doodle puppy available to enquire about. 12 weeks old, female. Enquire with Potty Registered Puppies. Listing reference: aurora-female.",Aurora,YES,2,21,Organization|WebSite|BreadcrumbList|Product,YES,2,INDEXABLE
/puppies/austin-male-1,200,https://www.pottyregisteredpuppies.com/puppies/austin-male-1,,"default index,follow",https://www.pottyregisteredpuppies.com/puppies/austin-male-1,1,Austin — Maltipoo Puppy | austin-male-1 | Potty Registered Puppies,"Meet Austin, a PARTI Maltipoo puppy available to enquire about. 16 weeks old, male. Enquire with Potty Registered Puppies. Listing reference: austin-male-1.",Austin,YES,2,20,Organization|WebSite|BreadcrumbList|Product,YES,2,INDEXABLE
/puppies/austin-male-2,200,https://www.pottyregisteredpuppies.com/puppies/austin-male-2,,"default index,follow",https://www.pottyregisteredpuppies.com/puppies/austin-male-2,1,Austin — Maltipoo Puppy | austin-male-2 | Potty Registered Puppies,"Meet Austin, a CREAM PARTI Maltipoo puppy available to enquire about. 12 weeks old, male. Enquire with Potty Registered Puppies. Listing reference: austin-male-2.",Austin,YES,2,20,Organization|WebSite|BreadcrumbList|Product,YES,2,INDEXABLE
/puppies/austin-male-3,200,https://www.pottyregisteredpuppies.com/puppies/austin-male-3,,"default index,follow",https://www.pottyregisteredpuppies.com/puppies/austin-male-3,1,Austin — Maltipoo Puppy | austin-male-3 | Potty Registered Puppies,"Meet Austin, a PARTI Maltipoo puppy available to enquire about. 12 weeks old, male. Enquire with Potty Registered Puppies. Listing reference: austin-male-3.",Austin,YES,2,20,Organization|WebSite|BreadcrumbList|Product,YES,2,INDEXABLE
/puppies/austin-male-4,200,https://www.pottyregisteredpuppies.com/puppies/austin-male-4,,"default index,follow",https://www.pottyregisteredpuppies.com/puppies/austin-male-4,1,Austin — Maltipoo Puppy | austin-male-4 | Potty Registered Puppies,"Meet Austin, a CREAM Maltipoo puppy available to enquire about. 12 weeks old, male. Enquire with Potty Registered Puppies. Listing reference: austin-male-4.",Austin,YES,2,20,Organization|WebSite|BreadcrumbList|Product,YES,2,INDEXABLE
/puppies/austin-male-5,200,https://www.pottyregisteredpuppies.com/puppies/austin-male-5,,"default index,follow",https://www.pottyregisteredpuppies.com/puppies/austin-male-5,1,Austin — Maltipoo Puppy | austin-male-5 | Potty Registered Puppies,"Meet Austin, a CREAM Maltipoo puppy available to enquire about. 12 weeks old, male. Enquire with Potty Registered Puppies. Listing reference: austin-male-5.",Austin,YES,2,20,Organization|WebSite|BreadcrumbList|Product,YES,2,INDEXABLE
/puppies/austin-male-6,200,https://www.pottyregisteredpuppies.com/puppies/austin-male-6,,"default index,follow",https://www.pottyregisteredpuppies.com/puppies/austin-male-6,1,Austin — Maltipoo Puppy | austin-male-6 | Potty Registered Puppies,"Meet Austin, a PARTI Maltipoo puppy available to enquire about. 12 weeks old, male. Enquire with Potty Registered Puppies. Listing reference: austin-male-6.",Austin,YES,2,20,Organization|WebSite|BreadcrumbList|Product,YES,2,INDEXABLE
/puppies/austin-male-7,200,https://www.pottyregisteredpuppies.com/puppies/austin-male-7,,"default index,follow",https://www.pottyregisteredpuppies.com/puppies/austin-male-7,1,Austin — Maltipoo Puppy | austin-male-7 | Potty Registered Puppies,"Meet Austin, a PARTI Maltipoo puppy available to enquire about. 12 weeks old, male. Enquire with Potty Registered Puppies. Listing reference: austin-male-7.",Austin,YES,4,20,Organization|WebSite|BreadcrumbList|Product,YES,2,INDEXABLE
/puppies/azure-female,200,https://www.pottyregisteredpuppies.com/puppies/azure-female,,"default index,follow",https://www.pottyregisteredpuppies.com/puppies/azure-female,1,Azure — Poodle Puppy | azure-female | Potty Registered Puppies,"Meet Azure, a BLUE Poodle puppy available to enquire about. 12 weeks old, female. Enquire with Potty Registered Puppies. Listing reference: azure-female.",Azure,YES,2,20,Organization|WebSite|BreadcrumbList|Product,YES,2,INDEXABLE
/puppies/bagel-male-1,200,https://www.pottyregisteredpuppies.com/puppies/bagel-male-1,,"default index,follow",https://www.pottyregisteredpuppies.com/puppies/bagel-male-1,1,Bagel — Maltipoo Puppy | bagel-male-1 | Potty Registered Puppies,"Meet Bagel, a PARTI Maltipoo puppy available to enquire about. 12 weeks old, male. Enquire with Potty Registered Puppies. Listing reference: bagel-male-1.",Bagel,YES,2,20,Organization|WebSite|BreadcrumbList|Product,YES,2,INDEXABLE
/puppies/bagel-male-2,200,https://www.pottyregisteredpuppies.com/puppies/bagel-male-2,,"default index,follow",https://www.pottyregisteredpuppies.com/puppies/bagel-male-2,1,Bagel — Maltipoo Puppy | bagel-male-2 | Potty Registered Puppies,"Meet Bagel, a PARTI Maltipoo puppy available to enquire about. 12 weeks old, male. Enquire with Potty Registered Puppies. Listing reference: bagel-male-2.",Bagel,YES,2,20,Organization|WebSite|BreadcrumbList|Product,YES,2,INDEXABLE
/puppies/bagel-male-3,200,https://www.pottyregisteredpuppies.com/puppies/bagel-male-3,,"default index,follow",https://www.pottyregisteredpuppies.com/puppies/bagel-male-3,1,Bagel — Maltipoo Puppy | bagel-male-3 | Potty Registered Puppies,"Meet Bagel, a PARTI Maltipoo puppy available to enquire about. 12 weeks old, male. Enquire with Potty Registered Puppies. Listing reference: bagel-male-3.",Bagel,YES,2,20,Organization|WebSite|BreadcrumbList|Product,YES,2,INDEXABLE
/puppies/bagel-male-4,200,https://www.pottyregisteredpuppies.com/puppies/bagel-male-4,,"default index,follow",https://www.pottyregisteredpuppies.com/puppies/bagel-male-4,1,Bagel — Maltipoo Puppy | bagel-male-4 | Potty Registered Puppies,"Meet Bagel, a PARTI Maltipoo puppy available to enquire about. 12 weeks old, male. Enquire with Potty Registered Puppies. Listing reference: bagel-male-4.",Bagel,YES,2,20,Organization|WebSite|BreadcrumbList|Product,YES,2,INDEXABLE
/puppies/bailey-male-3,200,https://www.pottyregisteredpuppies.com/puppies/bailey-male-3,,"default index,follow",https://www.pottyregisteredpuppies.com/puppies/bailey-male-3,1,Bailey — Poodle Puppy | bailey-male-3 | Potty Registered Puppies,"Meet Bailey, a RED Poodle puppy available to enquire about. 12 weeks old, male. Enquire with Potty Registered Puppies. Listing reference: bailey-male-3.",Bailey,YES,2,20,Organization|WebSite|BreadcrumbList|Product,YES,2,INDEXABLE
/puppies/bambi-female-1,200,https://www.pottyregisteredpuppies.com/puppies/bambi-female-1,,"default index,follow",https://www.pottyregisteredpuppies.com/puppies/bambi-female-1,1,Bambi — Maltipoo Puppy | bambi-female-1 | Potty Registered Puppies,"Meet Bambi, a PARTI Maltipoo puppy available to enquire about. 12 weeks old, female. Enquire with Potty Registered Puppies. Listing reference: bambi-female-1.",Bambi,YES,2,20,Organization|WebSite|BreadcrumbList|Product,YES,2,INDEXABLE
/puppies/bambi-male-2,200,https://www.pottyregisteredpuppies.com/puppies/bambi-male-2,,"default index,follow",https://www.pottyregisteredpuppies.com/puppies/bambi-male-2,1,Bambi — Pomeranian Puppy | bambi-male-2 | Potty Registered Puppies,"Meet Bambi, a MERLE Pomeranian puppy available to enquire about. 12 weeks old, male. Enquire with Potty Registered Puppies. Listing reference: bambi-male-2.",Bambi,YES,2,20,Organization|WebSite|BreadcrumbList|Product,YES,2,INDEXABLE
/puppies/baxter-male-1,200,https://www.pottyregisteredpuppies.com/puppies/baxter-male-1,,"default index,follow",https://www.pottyregisteredpuppies.com/puppies/baxter-male-1,1,Baxter — Biewer Terrier Puppy | baxter-male-1 | Potty Registered Puppies,"Meet Baxter, a BLACK WHITE GOLD Biewer Terrier puppy available to enquire about. 12 weeks old, male. Enquire with Potty Registered Puppies. Listing reference: baxter-male-1.",Baxter,YES,4,21,Organization|WebSite|BreadcrumbList|Product,YES,2,INDEXABLE
/puppies/beau-male-2,200,https://www.pottyregisteredpuppies.com/puppies/beau-male-2,,"default index,follow",https://www.pottyregisteredpuppies.com/puppies/beau-male-2,1,Beau — Poodle Puppy | beau-male-2 | Potty Registered Puppies,"Meet Beau, a PARTI Poodle puppy available to enquire about. 12 weeks old, male. Enquire with Potty Registered Puppies. Listing reference: beau-male-2.",Beau,YES,2,20,Organization|WebSite|BreadcrumbList|Product,YES,2,INDEXABLE
/puppies/bennett-male,200,https://www.pottyregisteredpuppies.com/puppies/bennett-male,,"default index,follow",https://www.pottyregisteredpuppies.com/puppies/bennett-male,1,Bennett — Poodle Puppy | bennett-male | Potty Registered Puppies,"Meet Bennett, a CREAM Poodle puppy available to enquire about. 12 weeks old, male. Enquire with Potty Registered Puppies. Listing reference: bennett-male.",Bennett,YES,2,20,Organization|WebSite|BreadcrumbList|Product,YES,2,INDEXABLE
/puppies/bentley-male-4,200,https://www.pottyregisteredpuppies.com/puppies/bentley-male-4,,"default index,follow",https://www.pottyregisteredpuppies.com/puppies/bentley-male-4,1,Bentley — Maltese Puppy | bentley-male-4 | Potty Registered Puppies,"Meet Bentley, a WHITE Maltese puppy available to enquire about. 24 weeks old, male. Enquire with Potty Registered Puppies. Listing reference: bentley-male-4.",Bentley,YES,2,20,Organization|WebSite|BreadcrumbList|Product,YES,2,INDEXABLE
/puppies/bentley-male-5,200,https://www.pottyregisteredpuppies.com/puppies/bentley-male-5,,"default index,follow",https://www.pottyregisteredpuppies.com/puppies/bentley-male-5,1,Bentley — Maltese Puppy | bentley-male-5 | Potty Registered Puppies,"Meet Bentley, a WHITE Maltese puppy available to enquire about. 12 weeks old, male. Enquire with Potty Registered Puppies. Listing reference: bentley-male-5.",Bentley,YES,2,20,Organization|WebSite|BreadcrumbList|Product,YES,2,INDEXABLE
/puppies/berry-female,200,https://www.pottyregisteredpuppies.com/puppies/berry-female,,"default index,follow",https://www.pottyregisteredpuppies.com/puppies/berry-female,1,Berry — Poodle Puppy | berry-female | Potty Registered Puppies,"Meet Berry, a RED Poodle puppy available to enquire about. 12 weeks old, female. Enquire with Potty Registered Puppies. Listing reference: berry-female.",Berry,YES,2,20,Organization|WebSite|BreadcrumbList|Product,YES,2,INDEXABLE
/puppies/berry-female-1,200,https://www.pottyregisteredpuppies.com/puppies/berry-female-1,,"default index,follow",https://www.pottyregisteredpuppies.com/puppies/berry-female-1,1,Berry — Poodle Puppy | berry-female-1 | Potty Registered Puppies,"Meet Berry, a RED Poodle puppy available to enquire about. 12 weeks old, female. Enquire with Potty Registered Puppies. Listing reference: berry-female-1.",Berry,YES,2,20,Organization|WebSite|BreadcrumbList|Product,YES,2,INDEXABLE
/puppies/berry-female-2,200,https://www.pottyregisteredpuppies.com/puppies/berry-female-2,,"default index,follow",https://www.pottyregisteredpuppies.com/puppies/berry-female-2,1,Berry — Poodle Puppy | berry-female-2 | Potty Registered Puppies,"Meet Berry, a RED Poodle puppy available to enquire about. 12 weeks old, female. Enquire with Potty Registered Puppies. Listing reference: berry-female-2.",Berry,YES,2,20,Organization|WebSite|BreadcrumbList|Product,YES,2,INDEXABLE
/puppies/berry-female-3,200,https://www.pottyregisteredpuppies.com/puppies/berry-female-3,,"default index,follow",https://www.pottyregisteredpuppies.com/puppies/berry-female-3,1,Berry — Poodle Puppy | berry-female-3 | Potty Registered Puppies,"Meet Berry, a RED Poodle puppy available to enquire about. 12 weeks old, female. Enquire with Potty Registered Puppies. Listing reference: berry-female-3.",Berry,YES,2,20,Organization|WebSite|BreadcrumbList|Product,YES,2,INDEXABLE
/puppies/berry-female-4,200,https://www.pottyregisteredpuppies.com/puppies/berry-female-4,,"default index,follow",https://www.pottyregisteredpuppies.com/puppies/berry-female-4,1,Berry — Poodle Puppy | berry-female-4 | Potty Registered Puppies,"Meet Berry, a RED Poodle puppy available to enquire about. 12 weeks old, female. Enquire with Potty Registered Puppies. Listing reference: berry-female-4.",Berry,YES,4,20,Organization|WebSite|BreadcrumbList|Product,YES,2,INDEXABLE
/puppies/bianca-female,200,https://www.pottyregisteredpuppies.com/puppies/bianca-female,,"default index,follow",https://www.pottyregisteredpuppies.com/puppies/bianca-female,1,Bianca — Mini Schnauzer Puppy | bianca-female | Potty Registered Puppies,"Meet Bianca, a WHITE Mini Schnauzer puppy available to enquire about. 12 weeks old, female. Enquire with Potty Registered Puppies. Listing reference: bianca-female.",Bianca,YES,4,20,Organization|WebSite|BreadcrumbList|Product,YES,2,INDEXABLE
/puppies/bianca-female-1,200,https://www.pottyregisteredpuppies.com/puppies/bianca-female-1,,"default index,follow",https://www.pottyregisteredpuppies.com/puppies/bianca-female-1,1,Bianca — Coton De Tulear Puppy | bianca-female-1 | Potty Registered Puppies,"Meet Bianca, a WHITE Coton De Tulear puppy available to enquire about. 12 weeks old, female. Enquire with Potty Registered Puppies. Listing reference: bianca-female-1.",Bianca,YES,2,20,Organization|WebSite|BreadcrumbList|Product,YES,2,INDEXABLE
/puppies/biscuit-male-1,200,https://www.pottyregisteredpuppies.com/puppies/biscuit-male-1,,"default index,follow",https://www.pottyregisteredpuppies.com/puppies/biscuit-male-1,1,Biscuit — Maltipoo Puppy | biscuit-male-1 | Potty Registered Puppies,"Meet Biscuit, a PARTI Maltipoo puppy available to enquire about. 12 weeks old, male. Enquire with Potty Registered Puppies. Listing reference: biscuit-male-1.",Biscuit,YES,2,20,Organization|WebSite|BreadcrumbList|Product,YES,2,INDEXABLE
/puppies/biscuit-male-2,200,https://www.pottyregisteredpuppies.com/puppies/biscuit-male-2,,"default index,follow",https://www.pottyregisteredpuppies.com/puppies/biscuit-male-2,1,Biscuit — Maltipoo Puppy | biscuit-male-2 | Potty Registered Puppies,"Meet Biscuit, a CREAM Maltipoo puppy available to enquire about. 12 weeks old, male. Enquire with Potty Registered Puppies. Listing reference: biscuit-male-2.",Biscuit,YES,2,20,Organization|WebSite|BreadcrumbList|Product,YES,2,INDEXABLE
/puppies/biscuit-male-3,200,https://www.pottyregisteredpuppies.com/puppies/biscuit-male-3,,"default index,follow",https://www.pottyregisteredpuppies.com/puppies/biscuit-male-3,1,Biscuit — Maltipoo Puppy | biscuit-male-3 | Potty Registered Puppies,"Meet Biscuit, a PARTI Maltipoo puppy available to enquire about. 12 weeks old, male. Enquire with Potty Registered Puppies. Listing reference: biscuit-male-3.",Biscuit,YES,2,20,Organization|WebSite|BreadcrumbList|Product,YES,2,INDEXABLE
/puppies/bomi-male,200,https://www.pottyregisteredpuppies.com/puppies/bomi-male,,"default index,follow",https://www.pottyregisteredpuppies.com/puppies/bomi-male,1,Bomi — Coton De Tulear Puppy | bomi-male | Potty Registered Puppies,"Meet Bomi, a WHITE Coton De Tulear puppy available to enquire about. 20 weeks old, male. Enquire with Potty Registered Puppies. Listing reference: bomi-male.",Bomi,YES,2,20,Organization|WebSite|BreadcrumbList|Product,YES,2,INDEXABLE
/puppies/boo-male-3,200,https://www.pottyregisteredpuppies.com/puppies/boo-male-3,,"default index,follow",https://www.pottyregisteredpuppies.com/puppies/boo-male-3,1,Boo — Pomeranian Puppy | boo-male-3 | Potty Registered Puppies,"Meet Boo, a WHITE Pomeranian puppy available to enquire about. 12 weeks old, male. Enquire with Potty Registered Puppies. Listing reference: boo-male-3.",Boo,YES,2,20,Organization|WebSite|BreadcrumbList|Product,YES,2,INDEXABLE
/puppies/boomer-male,200,https://www.pottyregisteredpuppies.com/puppies/boomer-male,,"default index,follow",https://www.pottyregisteredpuppies.com/puppies/boomer-male,1,Boomer — Maltipoo Puppy | boomer-male | Potty Registered Puppies,"Meet Boomer, a RED Maltipoo puppy available to enquire about. 12 weeks old, male. Enquire with Potty Registered Puppies. Listing reference: boomer-male.",Boomer,YES,2,20,Organization|WebSite|BreadcrumbList|Product,YES,2,INDEXABLE
/puppies/boomer-male-1,200,https://www.pottyregisteredpuppies.com/puppies/boomer-male-1,,"default index,follow",https://www.pottyregisteredpuppies.com/puppies/boomer-male-1,1,Boomer — Maltipoo Puppy | boomer-male-1 | Potty Registered Puppies,"Meet Boomer, a RED PARTI Maltipoo puppy available to enquire about. 12 weeks old, male. Enquire with Potty Registered Puppies. Listing reference: boomer-male-1.",Boomer,YES,2,20,Organization|WebSite|BreadcrumbList|Product,YES,2,INDEXABLE
/puppies/brownie-male,200,https://www.pottyregisteredpuppies.com/puppies/brownie-male,,"default index,follow",https://www.pottyregisteredpuppies.com/puppies/brownie-male,1,Brownie — Pomeranian Puppy | brownie-male | Potty Registered Puppies,"Meet Brownie, a CHOCOLATE TAN Pomeranian puppy available to enquire about. 12 weeks old, male. Enquire with Potty Registered Puppies. Listing reference: brownie-male.",Brownie,YES,2,20,Organization|WebSite|BreadcrumbList|Product,YES,2,INDEXABLE
/puppies/butters-female,200,https://www.pottyregisteredpuppies.com/puppies/butters-female,,"default index,follow",https://www.pottyregisteredpuppies.com/puppies/butters-female,1,Butters — Pomeranian Puppy | butters-female | Potty Registered Puppies,"Meet Butters, a CREAM SABLE Pomeranian puppy available to enquire about. 12 weeks old, female. Enquire with Potty Registered Puppies. Listing reference: butters-female.",Butters,YES,2,20,Organization|WebSite|BreadcrumbList|Product,YES,2,INDEXABLE
/puppies/butters-male-1,200,https://www.pottyregisteredpuppies.com/puppies/butters-male-1,,"default index,follow",https://www.pottyregisteredpuppies.com/puppies/butters-male-1,1,Butters — Pomeranian Puppy | butters-male-1 | Potty Registered Puppies,"Meet Butters, a CREAM Pomeranian puppy available to enquire about. 12 weeks old, male. Enquire with Potty Registered Puppies. Listing reference: butters-male-1.",Butters,YES,2,20,Organization|WebSite|BreadcrumbList|Product,YES,2,INDEXABLE
/puppies/camille-female-3,200,https://www.pottyregisteredpuppies.com/puppies/camille-female-3,,"default index,follow",https://www.pottyregisteredpuppies.com/puppies/camille-female-3,1,Camille — Maltipoo Puppy | camille-female-3 | Potty Registered Puppies,"Meet Camille, a RED Maltipoo puppy available to enquire about. 12 weeks old, female. Enquire with Potty Registered Puppies. Listing reference: camille-female-3.",Camille,YES,2,20,Organization|WebSite|BreadcrumbList|Product,YES,2,INDEXABLE
/puppies/celine-female-1,200,https://www.pottyregisteredpuppies.com/puppies/celine-female-1,,"default index,follow",https://www.pottyregisteredpuppies.com/puppies/celine-female-1,1,Celine — Maltipoo Puppy | celine-female-1 | Potty Registered Puppies,"Meet Celine, a MERLE Maltipoo puppy available to enquire about. 12 weeks old, female. Enquire with Potty Registered Puppies. Listing reference: celine-female-1.",Celine,YES,2,20,Organization|WebSite|BreadcrumbList|Product,YES,2,INDEXABLE
/puppies/celine-female-2,200,https://www.pottyregisteredpuppies.com/puppies/celine-female-2,,"default index,follow",https://www.pottyregisteredpuppies.com/puppies/celine-female-2,1,Celine — Morkie Puppy | celine-female-2 | Potty Registered Puppies,"Meet Celine, a PARTI Morkie puppy available to enquire about. 12 weeks old, female. Enquire with Potty Registered Puppies. Listing reference: celine-female-2.",Celine,YES,3,20,Organization|WebSite|BreadcrumbList|Product,YES,2,INDEXABLE
/puppies/chanel-female-2,200,https://www.pottyregisteredpuppies.com/puppies/chanel-female-2,,"default index,follow",https://www.pottyregisteredpuppies.com/puppies/chanel-female-2,1,Chanel — Maltipoo Puppy | chanel-female-2 | Potty Registered Puppies,"Meet Chanel, a PARTI Maltipoo puppy available to enquire about. 12 weeks old, female. Enquire with Potty Registered Puppies. Listing reference: chanel-female-2.",Chanel,YES,2,20,Organization|WebSite|BreadcrumbList|Product,YES,2,INDEXABLE
/puppies/chanel-female-3,200,https://www.pottyregisteredpuppies.com/puppies/chanel-female-3,,"default index,follow",https://www.pottyregisteredpuppies.com/puppies/chanel-female-3,1,Chanel — Yorkie Puppy | chanel-female-3 | Potty Registered Puppies,"Meet Chanel, a STEEL BLUE Yorkie puppy available to enquire about. 20 weeks old, female. Enquire with Potty Registered Puppies. Listing reference: chanel-female-3.",Chanel,YES,2,20,Organization|WebSite|BreadcrumbList|Product,YES,2,INDEXABLE
/puppies/charlotte-female,200,https://www.pottyregisteredpuppies.com/puppies/charlotte-female,,"default index,follow",https://www.pottyregisteredpuppies.com/puppies/charlotte-female,1,Charlotte — Cavalier King Charles Spaniel Puppy | charlotte-female | Potty Registered Puppies,"Meet Charlotte, a BLENHEIM Cavalier King Charles Spaniel puppy available to enquire about. 12 weeks old, female. Enquire with Potty Registered Puppies. Listing reference: charlotte-female.",Charlotte,YES,2,20,Organization|WebSite|BreadcrumbList|Product,YES,2,INDEXABLE
/puppies/chase-male,200,https://www.pottyregisteredpuppies.com/puppies/chase-male,,"default index,follow",https://www.pottyregisteredpuppies.com/puppies/chase-male,1,Chase — Doodle Puppy | chase-male | Potty Registered Puppies,"Meet Chase, a BLUE MERLE Doodle puppy available to enquire about. 12 weeks old, male. Enquire with Potty Registered Puppies. Listing reference: chase-male.",Chase,YES,2,21,Organization|WebSite|BreadcrumbList|Product,YES,2,INDEXABLE
/puppies/cher-female,200,https://www.pottyregisteredpuppies.com/puppies/cher-female,,"default index,follow",https://www.pottyregisteredpuppies.com/puppies/cher-female,1,Cher — Pomeranian Puppy | cher-female | Potty Registered Puppies,"Meet Cher, a WHITE Pomeranian puppy available to enquire about. 28 weeks old, female. Enquire with Potty Registered Puppies. Listing reference: cher-female.",Cher,YES,2,20,Organization|WebSite|BreadcrumbList|Product,YES,2,INDEXABLE
/puppies/chico-male,200,https://www.pottyregisteredpuppies.com/puppies/chico-male,,"default index,follow",https://www.pottyregisteredpuppies.com/puppies/chico-male,1,Chico — Coton De Tulear Puppy | chico-male | Potty Registered Puppies,"Meet Chico, a WHITE Coton De Tulear puppy available to enquire about. 16 weeks old, male. Enquire with Potty Registered Puppies. Listing reference: chico-male.",Chico,YES,2,20,Organization|WebSite|BreadcrumbList|Product,YES,2,INDEXABLE
/puppies/chloe-female-3,200,https://www.pottyregisteredpuppies.com/puppies/chloe-female-3,,"default index,follow",https://www.pottyregisteredpuppies.com/puppies/chloe-female-3,1,Chloe — Maltipoo Puppy | chloe-female-3 | Potty Registered Puppies,"Meet Chloe, a PARTI Maltipoo puppy available to enquire about. 12 weeks old, female. Enquire with Potty Registered Puppies. Listing reference: chloe-female-3.",Chloe,YES,2,20,Organization|WebSite|BreadcrumbList|Product,YES,2,INDEXABLE
/puppies/chloe-female-4,200,https://www.pottyregisteredpuppies.com/puppies/chloe-female-4,,"default index,follow",https://www.pottyregisteredpuppies.com/puppies/chloe-female-4,1,Chloe — Maltipoo Puppy | chloe-female-4 | Potty Registered Puppies,"Meet Chloe, a PARTI Maltipoo puppy available to enquire about. 12 weeks old, female. Enquire with Potty Registered Puppies. Listing reference: chloe-female-4.",Chloe,YES,2,20,Organization|WebSite|BreadcrumbList|Product,YES,2,INDEXABLE
/puppies/chloe-female-5,200,https://www.pottyregisteredpuppies.com/puppies/chloe-female-5,,"default index,follow",https://www.pottyregisteredpuppies.com/puppies/chloe-female-5,1,Chloe — Maltipoo Puppy | chloe-female-5 | Potty Registered Puppies,"Meet Chloe, a PARTI Maltipoo puppy available to enquire about. 12 weeks old, female. Enquire with Potty Registered Puppies. Listing reference: chloe-female-5.",Chloe,YES,2,20,Organization|WebSite|BreadcrumbList|Product,YES,2,INDEXABLE
/puppies/chloe-female-6,200,https://www.pottyregisteredpuppies.com/puppies/chloe-female-6,,"default index,follow",https://www.pottyregisteredpuppies.com/puppies/chloe-female-6,1,Chloe — Maltipoo Puppy | chloe-female-6 | Potty Registered Puppies,"Meet Chloe, a CREAM PARTI Maltipoo puppy available to enquire about. 12 weeks old, female. Enquire with Potty Registered Puppies. Listing reference: chloe-female-6.",Chloe,YES,2,20,Organization|WebSite|BreadcrumbList|Product,YES,2,INDEXABLE
/puppies/chloe-female-8,200,https://www.pottyregisteredpuppies.com/puppies/chloe-female-8,,"default index,follow",https://www.pottyregisteredpuppies.com/puppies/chloe-female-8,1,Chloe — Maltipoo Puppy | chloe-female-8 | Potty Registered Puppies,"Meet Chloe, a PARTI Maltipoo puppy available to enquire about. 12 weeks old, female. Enquire with Potty Registered Puppies. Listing reference: chloe-female-8.",Chloe,YES,2,20,Organization|WebSite|BreadcrumbList|Product,YES,2,INDEXABLE
/puppies/cinnamon-female-3,200,https://www.pottyregisteredpuppies.com/puppies/cinnamon-female-3,,"default index,follow",https://www.pottyregisteredpuppies.com/puppies/cinnamon-female-3,1,Cinnamon — Poodle Puppy | cinnamon-female-3 | Potty Registered Puppies,"Meet Cinnamon, a RED Poodle puppy available to enquire about. 12 weeks old, female. Enquire with Potty Registered Puppies. Listing reference: cinnamon-female-3.",Cinnamon,YES,2,20,Organization|WebSite|BreadcrumbList|Product,YES,2,INDEXABLE
/puppies/cinnamon-female-4,200,https://www.pottyregisteredpuppies.com/puppies/cinnamon-female-4,,"default index,follow",https://www.pottyregisteredpuppies.com/puppies/cinnamon-female-4,1,Cinnamon — Poodle Puppy | cinnamon-female-4 | Potty Registered Puppies,"Meet Cinnamon, a RED Poodle puppy available to enquire about. 12 weeks old, female. Enquire with Potty Registered Puppies. Listing reference: cinnamon-female-4.",Cinnamon,YES,2,20,Organization|WebSite|BreadcrumbList|Product,YES,2,INDEXABLE
/puppies/cloud-female-1,200,https://www.pottyregisteredpuppies.com/puppies/cloud-female-1,,"default index,follow",https://www.pottyregisteredpuppies.com/puppies/cloud-female-1,1,Cloud — Pomeranian Puppy | cloud-female-1 | Potty Registered Puppies,"Meet Cloud, a WHITE Pomeranian puppy available to enquire about. 12 weeks old, female. Enquire with Potty Registered Puppies. Listing reference: cloud-female-1.",Cloud,YES,2,20,Organization|WebSite|BreadcrumbList|Product,YES,2,INDEXABLE
/puppies/cloud-female-2,200,https://www.pottyregisteredpuppies.com/puppies/cloud-female-2,,"default index,follow",https://www.pottyregisteredpuppies.com/puppies/cloud-female-2,1,Cloud — Pomeranian Puppy | cloud-female-2 | Potty Registered Puppies,"Meet Cloud, a PURE CREAM Pomeranian puppy available to enquire about. 12 weeks old, female. Enquire with Potty Registered Puppies. Listing reference: cloud-female-2.",Cloud,YES,2,20,Organization|WebSite|BreadcrumbList|Product,YES,2,INDEXABLE
/puppies/coco-female-6,200,https://www.pottyregisteredpuppies.com/puppies/coco-female-6,,"default index,follow",https://www.pottyregisteredpuppies.com/puppies/coco-female-6,1,Coco — Poodle Puppy | coco-female-6 | Potty Registered Puppies,"Meet Coco, a BLUE MERLE Poodle puppy available to enquire about. 12 weeks old, female. Enquire with Potty Registered Puppies. Listing reference: coco-female-6.",Coco,YES,2,20,Organization|WebSite|BreadcrumbList|Product,YES,2,INDEXABLE
/puppies/coco-female-7,200,https://www.pottyregisteredpuppies.com/puppies/coco-female-7,,"default index,follow",https://www.pottyregisteredpuppies.com/puppies/coco-female-7,1,Coco — Pomeranian Puppy | coco-female-7 | Potty Registered Puppies,"Meet Coco, a WHITE Pomeranian puppy available to enquire about. 12 weeks old, female. Enquire with Potty Registered Puppies. Listing reference: coco-female-7.",Coco,YES,2,20,Organization|WebSite|BreadcrumbList|Product,YES,2,INDEXABLE
/puppies/coco-female-8,200,https://www.pottyregisteredpuppies.com/puppies/coco-female-8,,"default index,follow",https://www.pottyregisteredpuppies.com/puppies/coco-female-8,1,Coco — Pomsky Puppy | coco-female-8 | Potty Registered Puppies,"Meet Coco, a BLACK&amp;WHITE Pomsky puppy available to enquire about. 12 weeks old, female. Enquire with Potty Registered Puppies. Listing reference: coco-female-8.",Coco,YES,4,20,Organization|WebSite|BreadcrumbList|Product,YES,2,INDEXABLE
/puppies/coco-female-9,200,https://www.pottyregisteredpuppies.com/puppies/coco-female-9,,"default index,follow",https://www.pottyregisteredpuppies.com/puppies/coco-female-9,1,Coco — Poodle Puppy | coco-female-9 | Potty Registered Puppies,"Meet Coco, a BLUE MERLE Poodle puppy available to enquire about. 12 weeks old, female. Enquire with Potty Registered Puppies. Listing reference: coco-female-9.",Coco,YES,2,20,Organization|WebSite|BreadcrumbList|Product,YES,2,INDEXABLE
/puppies/coco-female-reserved-by-rt,200,https://www.pottyregisteredpuppies.com/puppies/coco-female-reserved-by-rt,,"default index,follow",https://www.pottyregisteredpuppies.com/puppies/coco-female-reserved-by-rt,1,Coco — Maltipoo Puppy | coco-female-reserved-by-rt | Potty Registered Puppies,"Meet Coco, a PARTI Maltipoo puppy available to enquire about. 12 weeks old, female. Enquire with Potty Registered Puppies. Listing reference: coco-female-reserved-by-rt.",Coco,YES,2,20,Organization|WebSite|BreadcrumbList|Product,YES,2,INDEXABLE
/puppies/colette-female,200,https://www.pottyregisteredpuppies.com/puppies/colette-female,,"default index,follow",https://www.pottyregisteredpuppies.com/puppies/colette-female,1,Colette — Coton De Tulear Puppy | colette-female | Potty Registered Puppies,"Meet Colette, a PARTI Coton De Tulear puppy available to enquire about. 12 weeks old, female. Enquire with Potty Registered Puppies. Listing reference: colette-female.",Colette,YES,5,20,Organization|WebSite|BreadcrumbList|Product,YES,2,INDEXABLE
/puppies/cooper-male-2,200,https://www.pottyregisteredpuppies.com/puppies/cooper-male-2,,"default index,follow",https://www.pottyregisteredpuppies.com/puppies/cooper-male-2,1,Cooper — Maltipoo Puppy | cooper-male-2 | Potty Registered Puppies,"Meet Cooper, a RED Maltipoo puppy available to enquire about. 12 weeks old, male. Enquire with Potty Registered Puppies. Listing reference: cooper-male-2.",Cooper,YES,2,20,Organization|WebSite|BreadcrumbList|Product,YES,2,INDEXABLE
/puppies/daphne-female-3,200,https://www.pottyregisteredpuppies.com/puppies/daphne-female-3,,"default index,follow",https://www.pottyregisteredpuppies.com/puppies/daphne-female-3,1,Daphne — Poodle Puppy | daphne-female-3 | Potty Registered Puppies,"Meet Daphne, a RED Poodle puppy available to enquire about. 12 weeks old, female. Enquire with Potty Registered Puppies. Listing reference: daphne-female-3.",Daphne,YES,2,20,Organization|WebSite|BreadcrumbList|Product,YES,2,INDEXABLE
/puppies/decter-male,200,https://www.pottyregisteredpuppies.com/puppies/decter-male,,"default index,follow",https://www.pottyregisteredpuppies.com/puppies/decter-male,1,Dexter — Doodle Puppy | decter-male | Potty Registered Puppies,"Meet Dexter, a MERLE Doodle puppy available to enquire about. 12 weeks old, male. Enquire with Potty Registered Puppies. Listing reference: decter-male.",Dexter,YES,5,21,Organization|WebSite|BreadcrumbList|Product,YES,2,INDEXABLE
/puppies/diana-female-1,200,https://www.pottyregisteredpuppies.com/puppies/diana-female-1,,"default index,follow",https://www.pottyregisteredpuppies.com/puppies/diana-female-1,1,Diana — Pomeranian Puppy | diana-female-1 | Potty Registered Puppies,"Meet Diana, a CHOCOLATE MERLE Pomeranian puppy available to enquire about. 12 weeks old, female. Enquire with Potty Registered Puppies. Listing reference: diana-female-1.",Diana,YES,2,20,Organization|WebSite|BreadcrumbList|Product,YES,2,INDEXABLE
/puppies/diana-female-10,200,https://www.pottyregisteredpuppies.com/puppies/diana-female-10,,"default index,follow",https://www.pottyregisteredpuppies.com/puppies/diana-female-10,1,Diana — Pomeranian Puppy | diana-female-10 | Potty Registered Puppies,"Meet Diana, a WHITE Pomeranian puppy available to enquire about. 12 weeks old, female. Enquire with Potty Registered Puppies. Listing reference: diana-female-10.",Diana,YES,2,20,Organization|WebSite|BreadcrumbList|Product,YES,1,INDEXABLE
/puppies/diana-female-2,200,https://www.pottyregisteredpuppies.com/puppies/diana-female-2,,"default index,follow",https://www.pottyregisteredpuppies.com/puppies/diana-female-2,1,Diana — Pomeranian Puppy | diana-female-2 | Potty Registered Puppies,"Meet Diana, a BLUE MERLE Pomeranian puppy available to enquire about. 12 weeks old, female. Enquire with Potty Registered Puppies. Listing reference: diana-female-2.",Diana,YES,2,20,Organization|WebSite|BreadcrumbList|Product,YES,2,INDEXABLE
/puppies/diana-female-3,200,https://www.pottyregisteredpuppies.com/puppies/diana-female-3,,"default index,follow",https://www.pottyregisteredpuppies.com/puppies/diana-female-3,1,Diana — Pomeranian Puppy | diana-female-3 | Potty Registered Puppies,"Meet Diana, a WHITE Pomeranian puppy available to enquire about. 12 weeks old, female. Enquire with Potty Registered Puppies. Listing reference: diana-female-3.",Diana,YES,2,20,Organization|WebSite|BreadcrumbList|Product,YES,2,INDEXABLE
/puppies/diana-female-4,200,https://www.pottyregisteredpuppies.com/puppies/diana-female-4,,"default index,follow",https://www.pottyregisteredpuppies.com/puppies/diana-female-4,1,Diana — Pomeranian Puppy | diana-female-4 | Potty Registered Puppies,"Meet Diana, a PARTI Pomeranian puppy available to enquire about. 12 weeks old, female. Enquire with Potty Registered Puppies. Listing reference: diana-female-4.",Diana,YES,2,20,Organization|WebSite|BreadcrumbList|Product,YES,2,INDEXABLE
/puppies/diana-female-5,200,https://www.pottyregisteredpuppies.com/puppies/diana-female-5,,"default index,follow",https://www.pottyregisteredpuppies.com/puppies/diana-female-5,1,Diana — Pomeranian Puppy | diana-female-5 | Potty Registered Puppies,"Meet Diana, a WHITE Pomeranian puppy available to enquire about. 12 weeks old, female. Enquire with Potty Registered Puppies. Listing reference: diana-female-5.",Diana,YES,2,20,Organization|WebSite|BreadcrumbList|Product,YES,2,INDEXABLE
/puppies/diana-female-6,200,https://www.pottyregisteredpuppies.com/puppies/diana-female-6,,"default index,follow",https://www.pottyregisteredpuppies.com/puppies/diana-female-6,1,Diana — Pomeranian Puppy | diana-female-6 | Potty Registered Puppies,"Meet Diana, a WHITE Pomeranian puppy available to enquire about. 12 weeks old, female. Enquire with Potty Registered Puppies. Listing reference: diana-female-6.",Diana,YES,2,20,Organization|WebSite|BreadcrumbList|Product,YES,2,INDEXABLE
/puppies/diana-female-7,200,https://www.pottyregisteredpuppies.com/puppies/diana-female-7,,"default index,follow",https://www.pottyregisteredpuppies.com/puppies/diana-female-7,1,Diana — Pomeranian Puppy | diana-female-7 | Potty Registered Puppies,"Meet Diana, a MERLE Pomeranian puppy available to enquire about. 12 weeks old, female. Enquire with Potty Registered Puppies. Listing reference: diana-female-7.",Diana,YES,2,20,Organization|WebSite|BreadcrumbList|Product,YES,2,INDEXABLE
/puppies/diana-female-8,200,https://www.pottyregisteredpuppies.com/puppies/diana-female-8,,"default index,follow",https://www.pottyregisteredpuppies.com/puppies/diana-female-8,1,Diana — Pomeranian Puppy | diana-female-8 | Potty Registered Puppies,"Meet Diana, a MERLE Pomeranian puppy available to enquire about. 12 weeks old, female. Enquire with Potty Registered Puppies. Listing reference: diana-female-8.",Diana,YES,2,20,Organization|WebSite|BreadcrumbList|Product,YES,2,INDEXABLE
/puppies/diana-female-9,200,https://www.pottyregisteredpuppies.com/puppies/diana-female-9,,"default index,follow",https://www.pottyregisteredpuppies.com/puppies/diana-female-9,1,Diana — Pomeranian Puppy | diana-female-9 | Potty Registered Puppies,"Meet Diana, a BLUE MERLE Pomeranian puppy available to enquire about. 12 weeks old, female. Enquire with Potty Registered Puppies. Listing reference: diana-female-9.",Diana,YES,4,20,Organization|WebSite|BreadcrumbList|Product,YES,1,INDEXABLE
/puppies/dior-female,200,https://www.pottyregisteredpuppies.com/puppies/dior-female,,"default index,follow",https://www.pottyregisteredpuppies.com/puppies/dior-female,1,Dior — Maltipoo Puppy | dior-female | Potty Registered Puppies,"Meet Dior, a MERLE Maltipoo puppy available to enquire about. 12 weeks old, female. Enquire with Potty Registered Puppies. Listing reference: dior-female.",Dior,YES,2,20,Organization|WebSite|BreadcrumbList|Product,YES,2,INDEXABLE
/puppies/dolly-female-2,200,https://www.pottyregisteredpuppies.com/puppies/dolly-female-2,,"default index,follow",https://www.pottyregisteredpuppies.com/puppies/dolly-female-2,1,Ziggy — Poodle Puppy | dolly-female-2 | Potty Registered Puppies,"Meet Ziggy, a RED Poodle puppy available to enquire about. 16 weeks old, female. Enquire with Potty Registered Puppies. Listing reference: dolly-female-2.",Ziggy,YES,2,20,Organization|WebSite|BreadcrumbList|Product,YES,2,INDEXABLE
/puppies/dolores-female-2,200,https://www.pottyregisteredpuppies.com/puppies/dolores-female-2,,"default index,follow",https://www.pottyregisteredpuppies.com/puppies/dolores-female-2,1,Dolores — Maltipoo Puppy | dolores-female-2 | Potty Registered Puppies,"Meet Dolores, a APRICOT Maltipoo puppy available to enquire about. 12 weeks old, female. Enquire with Potty Registered Puppies. Listing reference: dolores-female-2.",Dolores,YES,2,20,Organization|WebSite|BreadcrumbList|Product,YES,2,INDEXABLE
/puppies/dolores-female-3,200,https://www.pottyregisteredpuppies.com/puppies/dolores-female-3,,"default index,follow",https://www.pottyregisteredpuppies.com/puppies/dolores-female-3,1,Lucy — Maltipoo Puppy | dolores-female-3 | Potty Registered Puppies,"Meet Lucy, a RED Maltipoo puppy available to enquire about. 12 weeks old, female. Enquire with Potty Registered Puppies. Listing reference: dolores-female-3.",Lucy,YES,2,20,Organization|WebSite|BreadcrumbList|Product,YES,2,INDEXABLE
/puppies/dolores-female-purchased-by-melbourne-copy,200,https://www.pottyregisteredpuppies.com/puppies/dolores-female-purchased-by-melbourne-copy,,"default index,follow",https://www.pottyregisteredpuppies.com/puppies/dolores-female-purchased-by-melbourne-copy,1,Coco — Maltipoo Puppy | dolores-female-purchased-by-melbourne-copy | Potty Registered Puppies,"Meet Coco, a CREAM Maltipoo puppy available to enquire about. 12 weeks old, female. Enquire with Potty Registered Puppies. Listing reference: dolores-female-purchased-by-melbourne-copy.",Coco,YES,2,20,Organization|WebSite|BreadcrumbList|Product,YES,2,INDEXABLE
/puppies/doraemon-male-1,200,https://www.pottyregisteredpuppies.com/puppies/doraemon-male-1,,"default index,follow",https://www.pottyregisteredpuppies.com/puppies/doraemon-male-1,1,Doraemon — Maltipom Puppy | doraemon-male-1 | Potty Registered Puppies,"Meet Doraemon, a BLACK TAN Maltipom puppy available to enquire about. 12 weeks old, male. Enquire with Potty Registered Puppies. Listing reference: doraemon-male-1.",Doraemon,YES,3,21,Organization|WebSite|BreadcrumbList|Product,YES,2,INDEXABLE
/puppies/dustin-male-1,200,https://www.pottyregisteredpuppies.com/puppies/dustin-male-1,,"default index,follow",https://www.pottyregisteredpuppies.com/puppies/dustin-male-1,1,Dustin — Bichon Frise Puppy | dustin-male-1 | Potty Registered Puppies,"Meet Dustin, a WHITE Bichon Frise puppy available to enquire about. 12 weeks old, male. Enquire with Potty Registered Puppies. Listing reference: dustin-male-1.",Dustin,YES,2,20,Organization|WebSite|BreadcrumbList|Product,YES,2,INDEXABLE
/puppies/emma-female-2,200,https://www.pottyregisteredpuppies.com/puppies/emma-female-2,,"default index,follow",https://www.pottyregisteredpuppies.com/puppies/emma-female-2,1,Zoey — Yorkie Puppy | emma-female-2 | Potty Registered Puppies,"Meet Zoey, a STEEL BLUE Yorkie puppy available to enquire about. 12 weeks old, female. Enquire with Potty Registered Puppies. Listing reference: emma-female-2.",Zoey,YES,2,20,Organization|WebSite|BreadcrumbList|Product,YES,2,INDEXABLE
/puppies/emma-female-3,200,https://www.pottyregisteredpuppies.com/puppies/emma-female-3,,"default index,follow",https://www.pottyregisteredpuppies.com/puppies/emma-female-3,1,Emma — Yorkie Puppy | emma-female-3 | Potty Registered Puppies,"Meet Emma, a STEEL BLUE Yorkie puppy available to enquire about. 12 weeks old, female. Enquire with Potty Registered Puppies. Listing reference: emma-female-3.",Emma,YES,2,20,Organization|WebSite|BreadcrumbList|Product,YES,2,INDEXABLE
/puppies/enzo-male,200,https://www.pottyregisteredpuppies.com/puppies/enzo-male,,"default index,follow",https://www.pottyregisteredpuppies.com/puppies/enzo-male,1,Enzo — Coton De Tulear Puppy | enzo-male | Potty Registered Puppies,"Meet Enzo, a WHITE Coton De Tulear puppy available to enquire about. 12 weeks old, male. Enquire with Potty Registered Puppies. Listing reference: enzo-male.",Enzo,YES,3,20,Organization|WebSite|BreadcrumbList|Product,YES,2,INDEXABLE
/puppies/esme-female-2,200,https://www.pottyregisteredpuppies.com/puppies/esme-female-2,,"default index,follow",https://www.pottyregisteredpuppies.com/puppies/esme-female-2,1,Esme — Maltipoo Puppy | esme-female-2 | Potty Registered Puppies,"Meet Esme, a PARTI Maltipoo puppy available to enquire about. 12 weeks old, female. Enquire with Potty Registered Puppies. Listing reference: esme-female-2.",Esme,YES,2,20,Organization|WebSite|BreadcrumbList|Product,YES,2,INDEXABLE
/puppies/esme-female-3,200,https://www.pottyregisteredpuppies.com/puppies/esme-female-3,,"default index,follow",https://www.pottyregisteredpuppies.com/puppies/esme-female-3,1,Esme — Maltipoo Puppy | esme-female-3 | Potty Registered Puppies,"Meet Esme, a PARTI Maltipoo puppy available to enquire about. 12 weeks old, female. Enquire with Potty Registered Puppies. Listing reference: esme-female-3.",Esme,YES,2,20,Organization|WebSite|BreadcrumbList|Product,YES,2,INDEXABLE
/puppies/esme-female-purchased-by-kim-copy,200,https://www.pottyregisteredpuppies.com/puppies/esme-female-purchased-by-kim-copy,,"default index,follow",https://www.pottyregisteredpuppies.com/puppies/esme-female-purchased-by-kim-copy,1,Esme — Maltipoo Puppy | esme-female-purchased-by-kim-copy | Potty Registered Puppies,"Meet Esme, a PARTI Maltipoo puppy available to enquire about. 12 weeks old, female. Enquire with Potty Registered Puppies. Listing reference: esme-female-purchased-by-kim-copy.",Esme,YES,2,20,Organization|WebSite|BreadcrumbList|Product,YES,2,INDEXABLE
/puppies/ewan-male-3,200,https://www.pottyregisteredpuppies.com/puppies/ewan-male-3,,"default index,follow",https://www.pottyregisteredpuppies.com/puppies/ewan-male-3,1,Ewan — Maltipoo Puppy | ewan-male-3 | Potty Registered Puppies,"Meet Ewan, a CREAM Maltipoo puppy available to enquire about. 12 weeks old, male. Enquire with Potty Registered Puppies. Listing reference: ewan-male-3.",Ewan,YES,2,20,Organization|WebSite|BreadcrumbList|Product,YES,2,INDEXABLE
/puppies/ewan-male-4,200,https://www.pottyregisteredpuppies.com/puppies/ewan-male-4,,"default index,follow",https://www.pottyregisteredpuppies.com/puppies/ewan-male-4,1,Ewan — Maltipoo Puppy | ewan-male-4 | Potty Registered Puppies,"Meet Ewan, a CREAM Maltipoo puppy available to enquire about. 12 weeks old, male. Enquire with Potty Registered Puppies. Listing reference: ewan-male-4.",Ewan,YES,2,20,Organization|WebSite|BreadcrumbList|Product,YES,2,INDEXABLE
/puppies/ewan-male-5,200,https://www.pottyregisteredpuppies.com/puppies/ewan-male-5,,"default index,follow",https://www.pottyregisteredpuppies.com/puppies/ewan-male-5,1,Ewan — Maltipoo Puppy | ewan-male-5 | Potty Registered Puppies,"Meet Ewan, a PARTI Maltipoo puppy available to enquire about. 12 weeks old, male. Enquire with Potty Registered Puppies. Listing reference: ewan-male-5.",Ewan,YES,2,20,Organization|WebSite|BreadcrumbList|Product,YES,2,INDEXABLE
/puppies/ewan-male-6,200,https://www.pottyregisteredpuppies.com/puppies/ewan-male-6,,"default index,follow",https://www.pottyregisteredpuppies.com/puppies/ewan-male-6,1,Ewan — Maltipoo Puppy | ewan-male-6 | Potty Registered Puppies,"Meet Ewan, a PARTI Maltipoo puppy available to enquire about. 12 weeks old, male. Enquire with Potty Registered Puppies. Listing reference: ewan-male-6.",Ewan,YES,2,20,Organization|WebSite|BreadcrumbList|Product,YES,2,INDEXABLE
/puppies/felix-male,200,https://www.pottyregisteredpuppies.com/puppies/felix-male,,"default index,follow",https://www.pottyregisteredpuppies.com/puppies/felix-male,1,Felix — Poodle Puppy | felix-male | Potty Registered Puppies,"Meet Felix, a RED Poodle puppy available to enquire about. 16 weeks old, male. Enquire with Potty Registered Puppies. Listing reference: felix-male.",Felix,YES,2,20,Organization|WebSite|BreadcrumbList|Product,YES,2,INDEXABLE
/puppies/felix-male-1,200,https://www.pottyregisteredpuppies.com/puppies/felix-male-1,,"default index,follow",https://www.pottyregisteredpuppies.com/puppies/felix-male-1,1,Felix — Poodle Puppy | felix-male-1 | Potty Registered Puppies,"Meet Felix, a RED Poodle puppy available to enquire about. 12 weeks old, male. Enquire with Potty Registered Puppies. Listing reference: felix-male-1.",Felix,YES,2,20,Organization|WebSite|BreadcrumbList|Product,YES,2,INDEXABLE
/puppies/finn-male,200,https://www.pottyregisteredpuppies.com/puppies/finn-male,,"default index,follow",https://www.pottyregisteredpuppies.com/puppies/finn-male,1,Finn — Maltipoo Puppy | finn-male | Potty Registered Puppies,"Meet Finn, a CHOCOLATE Maltipoo puppy available to enquire about. 12 weeks old, male. Enquire with Potty Registered Puppies. Listing reference: finn-male.",Finn,YES,2,20,Organization|WebSite|BreadcrumbList|Product,YES,2,INDEXABLE
/puppies/finn-male-1,200,https://www.pottyregisteredpuppies.com/puppies/finn-male-1,,"default index,follow",https://www.pottyregisteredpuppies.com/puppies/finn-male-1,1,Finn — Coton De Tulear Puppy | finn-male-1 | Potty Registered Puppies,"Meet Finn, a WHITE Coton De Tulear puppy available to enquire about. 12 weeks old, male. Enquire with Potty Registered Puppies. Listing reference: finn-male-1.",Finn,YES,2,20,Organization|WebSite|BreadcrumbList|Product,YES,2,INDEXABLE
/puppies/gigi-female-2,200,https://www.pottyregisteredpuppies.com/puppies/gigi-female-2,,"default index,follow",https://www.pottyregisteredpuppies.com/puppies/gigi-female-2,1,Gigi — Maltipoo Puppy | gigi-female-2 | Potty Registered Puppies,"Meet Gigi, a SILVER PARTI Maltipoo puppy available to enquire about. 12 weeks old, female. Enquire with Potty Registered Puppies. Listing reference: gigi-female-2.",Gigi,YES,2,20,Organization|WebSite|BreadcrumbList|Product,YES,2,INDEXABLE
/puppies/gigi-female-3,200,https://www.pottyregisteredpuppies.com/puppies/gigi-female-3,,"default index,follow",https://www.pottyregisteredpuppies.com/puppies/gigi-female-3,1,Gigi — Bichon Frise Puppy | gigi-female-3 | Potty Registered Puppies,"Meet Gigi, a WHITE Bichon Frise puppy available to enquire about. 12 weeks old, female. Enquire with Potty Registered Puppies. Listing reference: gigi-female-3.",Gigi,YES,3,20,Organization|WebSite|BreadcrumbList|Product,YES,2,INDEXABLE
/puppies/gigi-female-4,200,https://www.pottyregisteredpuppies.com/puppies/gigi-female-4,,"default index,follow",https://www.pottyregisteredpuppies.com/puppies/gigi-female-4,1,Gigi — Maltipoo Puppy | gigi-female-4 | Potty Registered Puppies,"Meet Gigi, a PARTI Maltipoo puppy available to enquire about. 12 weeks old, female. Enquire with Potty Registered Puppies. Listing reference: gigi-female-4.",Gigi,YES,2,20,Organization|WebSite|BreadcrumbList|Product,YES,2,INDEXABLE
/puppies/gigi-female-5,200,https://www.pottyregisteredpuppies.com/puppies/gigi-female-5,,"default index,follow",https://www.pottyregisteredpuppies.com/puppies/gigi-female-5,1,Gigi — Maltipoo Puppy | gigi-female-5 | Potty Registered Puppies,"Meet Gigi, a CREAM Maltipoo puppy available to enquire about. 12 weeks old, female. Enquire with Potty Registered Puppies. Listing reference: gigi-female-5.",Gigi,YES,2,20,Organization|WebSite|BreadcrumbList|Product,YES,2,INDEXABLE
/puppies/gigi-female-6,200,https://www.pottyregisteredpuppies.com/puppies/gigi-female-6,,"default index,follow",https://www.pottyregisteredpuppies.com/puppies/gigi-female-6,1,Gigi — Maltipoo Puppy | gigi-female-6 | Potty Registered Puppies,"Meet Gigi, a CREAM Maltipoo puppy available to enquire about. 12 weeks old, female. Enquire with Potty Registered Puppies. Listing reference: gigi-female-6.",Gigi,YES,2,20,Organization|WebSite|BreadcrumbList|Product,YES,2,INDEXABLE
/puppies/gigi-female-7,200,https://www.pottyregisteredpuppies.com/puppies/gigi-female-7,,"default index,follow",https://www.pottyregisteredpuppies.com/puppies/gigi-female-7,1,Gigi — Maltipoo Puppy | gigi-female-7 | Potty Registered Puppies,"Meet Gigi, a CREAM Maltipoo puppy available to enquire about. 12 weeks old, female. Enquire with Potty Registered Puppies. Listing reference: gigi-female-7.",Gigi,YES,2,20,Organization|WebSite|BreadcrumbList|Product,YES,2,INDEXABLE
/puppies/gigi-female-8,200,https://www.pottyregisteredpuppies.com/puppies/gigi-female-8,,"default index,follow",https://www.pottyregisteredpuppies.com/puppies/gigi-female-8,1,Gigi — Maltipoo Puppy | gigi-female-8 | Potty Registered Puppies,"Meet Gigi, a CREAM Maltipoo puppy available to enquire about. 12 weeks old, female. Enquire with Potty Registered Puppies. Listing reference: gigi-female-8.",Gigi,YES,2,20,Organization|WebSite|BreadcrumbList|Product,YES,2,INDEXABLE
/puppies/ginger-male,200,https://www.pottyregisteredpuppies.com/puppies/ginger-male,,"default index,follow",https://www.pottyregisteredpuppies.com/puppies/ginger-male,1,Ginger — Poodle Puppy | ginger-male | Potty Registered Puppies,"Meet Ginger, a CREAM Poodle puppy available to enquire about. 12 weeks old, male. Enquire with Potty Registered Puppies. Listing reference: ginger-male.",Ginger,YES,2,20,Organization|WebSite|BreadcrumbList|Product,YES,2,INDEXABLE
/puppies/giovanni-male-1,200,https://www.pottyregisteredpuppies.com/puppies/giovanni-male-1,,"default index,follow",https://www.pottyregisteredpuppies.com/puppies/giovanni-male-1,1,Giovanni — Pomeranian Puppy | giovanni-male-1 | Potty Registered Puppies,"Meet Giovanni, a WHITE Pomeranian puppy available to enquire about. 12 weeks old, male. Enquire with Potty Registered Puppies. Listing reference: giovanni-male-1.",Giovanni,YES,2,20,Organization|WebSite|BreadcrumbList|Product,YES,2,INDEXABLE
/puppies/gisele-female,200,https://www.pottyregisteredpuppies.com/puppies/gisele-female,,"default index,follow",https://www.pottyregisteredpuppies.com/puppies/gisele-female,1,Gisele — Pomeranian Puppy | gisele-female | Potty Registered Puppies,"Meet Gisele, a CHOCOLATE MERLE Pomeranian puppy available to enquire about. 12 weeks old, female. Enquire with Potty Registered Puppies. Listing reference: gisele-female.",Gisele,YES,2,20,Organization|WebSite|BreadcrumbList|Product,YES,2,INDEXABLE
/puppies/gisele-female-1,200,https://www.pottyregisteredpuppies.com/puppies/gisele-female-1,,"default index,follow",https://www.pottyregisteredpuppies.com/puppies/gisele-female-1,1,Gisele — Pomeranian Puppy | gisele-female-1 | Potty Registered Puppies,"Meet Gisele, a BLUE MERLE Pomeranian puppy available to enquire about. 12 weeks old, female. Enquire with Potty Registered Puppies. Listing reference: gisele-female-1.",Gisele,YES,2,20,Organization|WebSite|BreadcrumbList|Product,YES,2,INDEXABLE
/puppies/giselle-female,200,https://www.pottyregisteredpuppies.com/puppies/giselle-female,,"default index,follow",https://www.pottyregisteredpuppies.com/puppies/giselle-female,1,Giselle — Maltipom Puppy | giselle-female | Potty Registered Puppies,"Meet Giselle, a MERLE Maltipom puppy available to enquire about. 12 weeks old, female. Enquire with Potty Registered Puppies. Listing reference: giselle-female.",Giselle,YES,2,21,Organization|WebSite|BreadcrumbList|Product,YES,2,INDEXABLE
/puppies/giselle-female-1,200,https://www.pottyregisteredpuppies.com/puppies/giselle-female-1,,"default index,follow",https://www.pottyregisteredpuppies.com/puppies/giselle-female-1,1,Giselle — Maltipom Puppy | giselle-female-1 | Potty Registered Puppies,"Meet Giselle, a MERLE Maltipom puppy available to enquire about. 12 weeks old, female. Enquire with Potty Registered Puppies. Listing reference: giselle-female-1.",Giselle,YES,2,21,Organization|WebSite|BreadcrumbList|Product,YES,2,INDEXABLE
/puppies/gizmo-male-2,200,https://www.pottyregisteredpuppies.com/puppies/gizmo-male-2,,"default index,follow",https://www.pottyregisteredpuppies.com/puppies/gizmo-male-2,1,Gizmo — Poodle Puppy | gizmo-male-2 | Potty Registered Puppies,"Meet Gizmo, a BLUE MERLE Poodle puppy available to enquire about. 12 weeks old, male. Enquire with Potty Registered Puppies. Listing reference: gizmo-male-2.",Gizmo,YES,2,20,Organization|WebSite|BreadcrumbList|Product,YES,2,INDEXABLE
/puppies/glacier-male-1,200,https://www.pottyregisteredpuppies.com/puppies/glacier-male-1,,"default index,follow",https://www.pottyregisteredpuppies.com/puppies/glacier-male-1,1,Glacier — Pomeranian Puppy | glacier-male-1 | Potty Registered Puppies,"Meet Glacier, a WHITE Pomeranian puppy available to enquire about. 12 weeks old, male. Enquire with Potty Registered Puppies. Listing reference: glacier-male-1.",Glacier,YES,2,20,Organization|WebSite|BreadcrumbList|Product,YES,2,INDEXABLE
/puppies/grace-female-1,200,https://www.pottyregisteredpuppies.com/puppies/grace-female-1,,"default index,follow",https://www.pottyregisteredpuppies.com/puppies/grace-female-1,1,Grace — Maltese Puppy | grace-female-1 | Potty Registered Puppies,"Meet Grace, a WHITE Maltese puppy available to enquire about. 20 weeks old, female. Enquire with Potty Registered Puppies. Listing reference: grace-female-1.",Grace,YES,2,20,Organization|WebSite|BreadcrumbList|Product,YES,2,INDEXABLE
/puppies/grace-female-2,200,https://www.pottyregisteredpuppies.com/puppies/grace-female-2,,"default index,follow",https://www.pottyregisteredpuppies.com/puppies/grace-female-2,1,Grace — Yorkie Puppy | grace-female-2 | Potty Registered Puppies,"Meet Grace, a STEEL BLUE Yorkie puppy available to enquire about. 12 weeks old, female. Enquire with Potty Registered Puppies. Listing reference: grace-female-2.",Grace,YES,2,20,Organization|WebSite|BreadcrumbList|Product,YES,2,INDEXABLE
/puppies/grace-female-3,200,https://www.pottyregisteredpuppies.com/puppies/grace-female-3,,"default index,follow",https://www.pottyregisteredpuppies.com/puppies/grace-female-3,1,Grace — Maltese Puppy | grace-female-3 | Potty Registered Puppies,"Meet Grace, a WHITE Maltese puppy available to enquire about. 20 weeks old, female. Enquire with Potty Registered Puppies. Listing reference: grace-female-3.",Grace,YES,2,20,Organization|WebSite|BreadcrumbList|Product,YES,2,INDEXABLE
/puppies/grace-female-4,200,https://www.pottyregisteredpuppies.com/puppies/grace-female-4,,"default index,follow",https://www.pottyregisteredpuppies.com/puppies/grace-female-4,1,Grace — Maltese Puppy | grace-female-4 | Potty Registered Puppies,"Meet Grace, a WHITE Maltese puppy available to enquire about. 20 weeks old, female. Enquire with Potty Registered Puppies. Listing reference: grace-female-4.",Grace,YES,2,20,Organization|WebSite|BreadcrumbList|Product,YES,2,INDEXABLE
/puppies/gucci-female-1,200,https://www.pottyregisteredpuppies.com/puppies/gucci-female-1,,"default index,follow",https://www.pottyregisteredpuppies.com/puppies/gucci-female-1,1,Chloe — Maltipoo Puppy | gucci-female-1 | Potty Registered Puppies,"Meet Chloe, a RED PARTI Maltipoo puppy available to enquire about. 12 weeks old, female. Enquire with Potty Registered Puppies. Listing reference: gucci-female-1.",Chloe,YES,2,20,Organization|WebSite|BreadcrumbList|Product,YES,2,INDEXABLE
/puppies/gucci-male,200,https://www.pottyregisteredpuppies.com/puppies/gucci-male,,"default index,follow",https://www.pottyregisteredpuppies.com/puppies/gucci-male,1,Gucci — Morkie Puppy | gucci-male | Potty Registered Puppies,"Meet Gucci, a PARTI Morkie puppy available to enquire about. 24 weeks old, male. Enquire with Potty Registered Puppies. Listing reference: gucci-male.",Gucci,YES,2,20,Organization|WebSite|BreadcrumbList|Product,YES,2,INDEXABLE
/puppies/hazel-female-1,200,https://www.pottyregisteredpuppies.com/puppies/hazel-female-1,,"default index,follow",https://www.pottyregisteredpuppies.com/puppies/hazel-female-1,1,Hazel — Maltipoo Puppy | hazel-female-1 | Potty Registered Puppies,"Meet Hazel, a PARTI Maltipoo puppy available to enquire about. 12 weeks old, female. Enquire with Potty Registered Puppies. Listing reference: hazel-female-1.",Hazel,YES,2,20,Organization|WebSite|BreadcrumbList|Product,YES,2,INDEXABLE
/puppies/henry-male,200,https://www.pottyregisteredpuppies.com/puppies/henry-male,,"default index,follow",https://www.pottyregisteredpuppies.com/puppies/henry-male,1,Henry — Yorkie Puppy | henry-male | Potty Registered Puppies,"Meet Henry, a STEEL BLUE Yorkie puppy available to enquire about. 12 weeks old, male. Enquire with Potty Registered Puppies. Listing reference: henry-male.",Henry,YES,2,20,Organization|WebSite|BreadcrumbList|Product,YES,2,INDEXABLE
/puppies/hershey-male,200,https://www.pottyregisteredpuppies.com/puppies/hershey-male,,"default index,follow",https://www.pottyregisteredpuppies.com/puppies/hershey-male,1,Hershey — Pomeranian Puppy | hershey-male | Potty Registered Puppies,"Meet Hershey, a CHCOLATE MERLE Pomeranian puppy available to enquire about. 12 weeks old, male. Enquire with Potty Registered Puppies. Listing reference: hershey-male.",Hershey,YES,2,20,Organization|WebSite|BreadcrumbList|Product,YES,2,INDEXABLE
/puppies/hershey-male-1,200,https://www.pottyregisteredpuppies.com/puppies/hershey-male-1,,"default index,follow",https://www.pottyregisteredpuppies.com/puppies/hershey-male-1,1,Hershey — Maltipoo Puppy | hershey-male-1 | Potty Registered Puppies,"Meet Hershey, a CHOCHLATE PARTI Maltipoo puppy available to enquire about. 12 weeks old, male. Enquire with Potty Registered Puppies. Listing reference: hershey-male-1.",Hershey,YES,2,20,Organization|WebSite|BreadcrumbList|Product,YES,2,INDEXABLE
/puppies/honey-female,200,https://www.pottyregisteredpuppies.com/puppies/honey-female,,"default index,follow",https://www.pottyregisteredpuppies.com/puppies/honey-female,1,Honey — Pomeranian Puppy | honey-female | Potty Registered Puppies,"Meet Honey, a ORANGE Pomeranian puppy available to enquire about. 12 weeks old, female. Enquire with Potty Registered Puppies. Listing reference: honey-female.",Honey,YES,2,20,Organization|WebSite|BreadcrumbList|Product,YES,2,INDEXABLE
/puppies/hugo-male-3,200,https://www.pottyregisteredpuppies.com/puppies/hugo-male-3,,"default index,follow",https://www.pottyregisteredpuppies.com/puppies/hugo-male-3,1,Hugo — Maltipoo Puppy | hugo-male-3 | Potty Registered Puppies,"Meet Hugo, a BLACK Maltipoo puppy available to enquire about. 16 weeks old, male. Enquire with Potty Registered Puppies. Listing reference: hugo-male-3.",Hugo,YES,2,20,Organization|WebSite|BreadcrumbList|Product,YES,2,INDEXABLE
/puppies/hugo-male-4,200,https://www.pottyregisteredpuppies.com/puppies/hugo-male-4,,"default index,follow",https://www.pottyregisteredpuppies.com/puppies/hugo-male-4,1,Hugo — Frenchie Puppy | hugo-male-4 | Potty Registered Puppies,"Meet Hugo, a LILAC Frenchie puppy available to enquire about. 12 weeks old, male. Enquire with Potty Registered Puppies. Listing reference: hugo-male-4.",Hugo,YES,2,19,Organization|WebSite|BreadcrumbList|Product,YES,2,INDEXABLE
/puppies/hyde-male,200,https://www.pottyregisteredpuppies.com/puppies/hyde-male,,"default index,follow",https://www.pottyregisteredpuppies.com/puppies/hyde-male,1,Hyde — Pomeranian Puppy | hyde-male | Potty Registered Puppies,"Meet Hyde, a BLUE MERLE Pomeranian puppy available to enquire about. 12 weeks old, male. Enquire with Potty Registered Puppies. Listing reference: hyde-male.",Hyde,YES,2,20,Organization|WebSite|BreadcrumbList|Product,YES,2,INDEXABLE
/puppies/indigo-male,200,https://www.pottyregisteredpuppies.com/puppies/indigo-male,,"default index,follow",https://www.pottyregisteredpuppies.com/puppies/indigo-male,1,Indigo — Pomeranian Puppy | indigo-male | Potty Registered Puppies,"Meet Indigo, a BLUE Pomeranian puppy available to enquire about. 12 weeks old, male. Enquire with Potty Registered Puppies. Listing reference: indigo-male.",Indigo,YES,2,20,Organization|WebSite|BreadcrumbList|Product,YES,2,INDEXABLE
/puppies/inky-female,200,https://www.pottyregisteredpuppies.com/puppies/inky-female,,"default index,follow",https://www.pottyregisteredpuppies.com/puppies/inky-female,1,Inky — Mini Schnauzer Puppy | inky-female | Potty Registered Puppies,"Meet Inky, a BLACK &amp; WHITE Mini Schnauzer puppy available to enquire about. 12 weeks old, female. Enquire with Potty Registered Puppies. Listing reference: inky-female.",Inky,YES,2,20,Organization|WebSite|BreadcrumbList|Product,YES,2,INDEXABLE
/puppies/isabella-female-1,200,https://www.pottyregisteredpuppies.com/puppies/isabella-female-1,,"default index,follow",https://www.pottyregisteredpuppies.com/puppies/isabella-female-1,1,Isabella — Poodle Puppy | isabella-female-1 | Potty Registered Puppies,"Meet Isabella, a APRICOT Poodle puppy available to enquire about. 12 weeks old, female. Enquire with Potty Registered Puppies. Listing reference: isabella-female-1.",Isabella,YES,2,20,Organization|WebSite|BreadcrumbList|Product,YES,2,INDEXABLE
/puppies/isabella-female-2,200,https://www.pottyregisteredpuppies.com/puppies/isabella-female-2,,"default index,follow",https://www.pottyregisteredpuppies.com/puppies/isabella-female-2,1,Isabella — Poodle Puppy | isabella-female-2 | Potty Registered Puppies,"Meet Isabella, a APRICOT Poodle puppy available to enquire about. 12 weeks old, female. Enquire with Potty Registered Puppies. Listing reference: isabella-female-2.",Isabella,YES,2,20,Organization|WebSite|BreadcrumbList|Product,YES,2,INDEXABLE
/puppies/isabella-female-3,200,https://www.pottyregisteredpuppies.com/puppies/isabella-female-3,,"default index,follow",https://www.pottyregisteredpuppies.com/puppies/isabella-female-3,1,Isabella — Poodle Puppy | isabella-female-3 | Potty Registered Puppies,"Meet Isabella, a CREAM Poodle puppy available to enquire about. 12 weeks old, female. Enquire with Potty Registered Puppies. Listing reference: isabella-female-3.",Isabella,YES,2,20,Organization|WebSite|BreadcrumbList|Product,YES,2,INDEXABLE
/puppies/isabella-female-4,200,https://www.pottyregisteredpuppies.com/puppies/isabella-female-4,,"default index,follow",https://www.pottyregisteredpuppies.com/puppies/isabella-female-4,1,Isabella — Poodle Puppy | isabella-female-4 | Potty Registered Puppies,"Meet Isabella, a APRICOT Poodle puppy available to enquire about. 12 weeks old, female. Enquire with Potty Registered Puppies. Listing reference: isabella-female-4.",Isabella,YES,2,20,Organization|WebSite|BreadcrumbList|Product,YES,2,INDEXABLE
/puppies/isla-female,200,https://www.pottyregisteredpuppies.com/puppies/isla-female,,"default index,follow",https://www.pottyregisteredpuppies.com/puppies/isla-female,1,Isla — Maltese Puppy | isla-female | Potty Registered Puppies,"Meet Isla, a WHITE Maltese puppy available to enquire about. 24 weeks old, female. Enquire with Potty Registered Puppies. Listing reference: isla-female.",Isla,YES,2,20,Organization|WebSite|BreadcrumbList|Product,YES,2,INDEXABLE
/puppies/jack-male-1,200,https://www.pottyregisteredpuppies.com/puppies/jack-male-1,,"default index,follow",https://www.pottyregisteredpuppies.com/puppies/jack-male-1,1,Jack — Poodle Puppy | jack-male-1 | Potty Registered Puppies,"Meet Jack, a RED Poodle puppy available to enquire about. 12 weeks old, male. Enquire with Potty Registered Puppies. Listing reference: jack-male-1.",Jack,YES,2,20,Organization|WebSite|BreadcrumbList|Product,YES,2,INDEXABLE
/puppies/jennie-female-1,200,https://www.pottyregisteredpuppies.com/puppies/jennie-female-1,,"default index,follow",https://www.pottyregisteredpuppies.com/puppies/jennie-female-1,1,Jennie — Poodle Puppy | jennie-female-1 | Potty Registered Puppies,"Meet Jennie, a CREAM Poodle puppy available to enquire about. 12 weeks old, female. Enquire with Potty Registered Puppies. Listing reference: jennie-female-1.",Jennie,YES,2,20,Organization|WebSite|BreadcrumbList|Product,YES,2,INDEXABLE
/puppies/jennie-female-2,200,https://www.pottyregisteredpuppies.com/puppies/jennie-female-2,,"default index,follow",https://www.pottyregisteredpuppies.com/puppies/jennie-female-2,1,Jennie — Poodle Puppy | jennie-female-2 | Potty Registered Puppies,"Meet Jennie, a RED Poodle puppy available to enquire about. 12 weeks old, female. Enquire with Potty Registered Puppies. Listing reference: jennie-female-2.",Jennie,YES,2,20,Organization|WebSite|BreadcrumbList|Product,YES,2,INDEXABLE
/puppies/jennie-female-3,200,https://www.pottyregisteredpuppies.com/puppies/jennie-female-3,,"default index,follow",https://www.pottyregisteredpuppies.com/puppies/jennie-female-3,1,Jennie — Poodle Puppy | jennie-female-3 | Potty Registered Puppies,"Meet Jennie, a RED Poodle puppy available to enquire about. 12 weeks old, female. Enquire with Potty Registered Puppies. Listing reference: jennie-female-3.",Jennie,YES,2,20,Organization|WebSite|BreadcrumbList|Product,YES,2,INDEXABLE
/puppies/jennie-female-4,200,https://www.pottyregisteredpuppies.com/puppies/jennie-female-4,,"default index,follow",https://www.pottyregisteredpuppies.com/puppies/jennie-female-4,1,Jennie — Poodle Puppy | jennie-female-4 | Potty Registered Puppies,"Meet Jennie, a RED Poodle puppy available to enquire about. 12 weeks old, female. Enquire with Potty Registered Puppies. Listing reference: jennie-female-4.",Jennie,YES,2,20,Organization|WebSite|BreadcrumbList|Product,YES,2,INDEXABLE
/puppies/jennie-female-5,200,https://www.pottyregisteredpuppies.com/puppies/jennie-female-5,,"default index,follow",https://www.pottyregisteredpuppies.com/puppies/jennie-female-5,1,Jennie — Poodle Puppy | jennie-female-5 | Potty Registered Puppies,"Meet Jennie, a CREAM Poodle puppy available to enquire about. 12 weeks old, female. Enquire with Potty Registered Puppies. Listing reference: jennie-female-5.",Jennie,YES,2,20,Organization|WebSite|BreadcrumbList|Product,YES,2,INDEXABLE
/puppies/jennie-female-6,200,https://www.pottyregisteredpuppies.com/puppies/jennie-female-6,,"default index,follow",https://www.pottyregisteredpuppies.com/puppies/jennie-female-6,1,Jennie — Poodle Puppy | jennie-female-6 | Potty Registered Puppies,"Meet Jennie, a RED Poodle puppy available to enquire about. 12 weeks old, female. Enquire with Potty Registered Puppies. Listing reference: jennie-female-6.",Jennie,YES,2,20,Organization|WebSite|BreadcrumbList|Product,YES,2,INDEXABLE
/puppies/jessica-female-10,200,https://www.pottyregisteredpuppies.com/puppies/jessica-female-10,,"default index,follow",https://www.pottyregisteredpuppies.com/puppies/jessica-female-10,1,Jessica — Maltipoo Puppy | jessica-female-10 | Potty Registered Puppies,"Meet Jessica, a PARTI Maltipoo puppy available to enquire about. 12 weeks old, female. Enquire with Potty Registered Puppies. Listing reference: jessica-female-10.",Jessica,YES,2,20,Organization|WebSite|BreadcrumbList|Product,YES,2,INDEXABLE
/puppies/jessica-female-11,200,https://www.pottyregisteredpuppies.com/puppies/jessica-female-11,,"default index,follow",https://www.pottyregisteredpuppies.com/puppies/jessica-female-11,1,Jessica — Maltipoo Puppy | jessica-female-11 | Potty Registered Puppies,"Meet Jessica, a RED Maltipoo puppy available to enquire about. 12 weeks old, female. Enquire with Potty Registered Puppies. Listing reference: jessica-female-11.",Jessica,YES,2,20,Organization|WebSite|BreadcrumbList|Product,YES,2,INDEXABLE
/puppies/jessica-female-4,200,https://www.pottyregisteredpuppies.com/puppies/jessica-female-4,,"default index,follow",https://www.pottyregisteredpuppies.com/puppies/jessica-female-4,1,Jessica — Maltipoo Puppy | jessica-female-4 | Potty Registered Puppies,"Meet Jessica, a APRICOT Maltipoo puppy available to enquire about. 16 weeks old, female. Enquire with Potty Registered Puppies. Listing reference: jessica-female-4.",Jessica,YES,2,20,Organization|WebSite|BreadcrumbList|Product,YES,2,INDEXABLE
/puppies/jessica-female-5,200,https://www.pottyregisteredpuppies.com/puppies/jessica-female-5,,"default index,follow",https://www.pottyregisteredpuppies.com/puppies/jessica-female-5,1,Jessica — Poodle Puppy | jessica-female-5 | Potty Registered Puppies,"Meet Jessica, a RED Poodle puppy available to enquire about. 12 weeks old, female. Enquire with Potty Registered Puppies. Listing reference: jessica-female-5.",Jessica,YES,2,20,Organization|WebSite|BreadcrumbList|Product,YES,2,INDEXABLE
/puppies/jessica-female-6,200,https://www.pottyregisteredpuppies.com/puppies/jessica-female-6,,"default index,follow",https://www.pottyregisteredpuppies.com/puppies/jessica-female-6,1,Jessica — Poodle Puppy | jessica-female-6 | Potty Registered Puppies,"Meet Jessica, a APRICOT Poodle puppy available to enquire about. 16 weeks old, female. Enquire with Potty Registered Puppies. Listing reference: jessica-female-6.",Jessica,YES,2,20,Organization|WebSite|BreadcrumbList|Product,YES,2,INDEXABLE
/puppies/jessica-female-7,200,https://www.pottyregisteredpuppies.com/puppies/jessica-female-7,,"default index,follow",https://www.pottyregisteredpuppies.com/puppies/jessica-female-7,1,Olivia — Maltipoo Puppy | jessica-female-7 | Potty Registered Puppies,"Meet Olivia, a PARTI Maltipoo puppy available to enquire about. 12 weeks old, female. Enquire with Potty Registered Puppies. Listing reference: jessica-female-7.",Olivia,YES,2,20,Organization|WebSite|BreadcrumbList|Product,YES,2,INDEXABLE
/puppies/jessica-female-8,200,https://www.pottyregisteredpuppies.com/puppies/jessica-female-8,,"default index,follow",https://www.pottyregisteredpuppies.com/puppies/jessica-female-8,1,Jessica — Maltipoo Puppy | jessica-female-8 | Potty Registered Puppies,"Meet Jessica, a PARTI Maltipoo puppy available to enquire about. 12 weeks old, female. Enquire with Potty Registered Puppies. Listing reference: jessica-female-8.",Jessica,YES,2,20,Organization|WebSite|BreadcrumbList|Product,YES,2,INDEXABLE
/puppies/jessica-female-9,200,https://www.pottyregisteredpuppies.com/puppies/jessica-female-9,,"default index,follow",https://www.pottyregisteredpuppies.com/puppies/jessica-female-9,1,Jessica — Maltipoo Puppy | jessica-female-9 | Potty Registered Puppies,"Meet Jessica, a RED PARTI Maltipoo puppy available to enquire about. 12 weeks old, female. Enquire with Potty Registered Puppies. Listing reference: jessica-female-9.",Jessica,YES,2,20,Organization|WebSite|BreadcrumbList|Product,YES,2,INDEXABLE
/puppies/jessie-female,200,https://www.pottyregisteredpuppies.com/puppies/jessie-female,,"default index,follow",https://www.pottyregisteredpuppies.com/puppies/jessie-female,1,Jessie — Maltipoo Puppy | jessie-female | Potty Registered Puppies,"Meet Jessie, a PARTI Maltipoo puppy available to enquire about. 12 weeks old, female. Enquire with Potty Registered Puppies. Listing reference: jessie-female.",Jessie,YES,2,20,Organization|WebSite|BreadcrumbList|Product,YES,2,INDEXABLE
/puppies/jessie-female-1,200,https://www.pottyregisteredpuppies.com/puppies/jessie-female-1,,"default index,follow",https://www.pottyregisteredpuppies.com/puppies/jessie-female-1,1,Jessie — Maltipoo Puppy | jessie-female-1 | Potty Registered Puppies,"Meet Jessie, a PARTI Maltipoo puppy available to enquire about. 12 weeks old, female. Enquire with Potty Registered Puppies. Listing reference: jessie-female-1.",Jessie,YES,2,20,Organization|WebSite|BreadcrumbList|Product,YES,2,INDEXABLE
/puppies/jessie-female-2,200,https://www.pottyregisteredpuppies.com/puppies/jessie-female-2,,"default index,follow",https://www.pottyregisteredpuppies.com/puppies/jessie-female-2,1,Jessie — Maltipoo Puppy | jessie-female-2 | Potty Registered Puppies,"Meet Jessie, a PARTI Maltipoo puppy available to enquire about. 12 weeks old, female. Enquire with Potty Registered Puppies. Listing reference: jessie-female-2.",Jessie,YES,2,20,Organization|WebSite|BreadcrumbList|Product,YES,2,INDEXABLE
/puppies/jessie-female-3,200,https://www.pottyregisteredpuppies.com/puppies/jessie-female-3,,"default index,follow",https://www.pottyregisteredpuppies.com/puppies/jessie-female-3,1,Jessie — Maltipoo Puppy | jessie-female-3 | Potty Registered Puppies,"Meet Jessie, a PARTI Maltipoo puppy available to enquire about. 12 weeks old, female. Enquire with Potty Registered Puppies. Listing reference: jessie-female-3.",Jessie,YES,3,20,Organization|WebSite|BreadcrumbList|Product,YES,2,INDEXABLE
/puppies/knox-male,200,https://www.pottyregisteredpuppies.com/puppies/knox-male,,"default index,follow",https://www.pottyregisteredpuppies.com/puppies/knox-male,1,Knox — Pomsky Puppy | knox-male | Potty Registered Puppies,"Meet Knox, a SILVER Pomsky puppy available to enquire about. 12 weeks old, male. Enquire with Potty Registered Puppies. Listing reference: knox-male.",Knox,YES,2,20,Organization|WebSite|BreadcrumbList|Product,YES,2,INDEXABLE
/puppies/koda-male,200,https://www.pottyregisteredpuppies.com/puppies/koda-male,,"default index,follow",https://www.pottyregisteredpuppies.com/puppies/koda-male,1,Koda — Pomsky Puppy | koda-male | Potty Registered Puppies,"Meet Koda, a BLACK&amp;WHITE Pomsky puppy available to enquire about. 16 weeks old, male. Enquire with Potty Registered Puppies. Listing reference: koda-male.",Koda,YES,2,20,Organization|WebSite|BreadcrumbList|Product,YES,2,INDEXABLE
/puppies/koda-male-1,200,https://www.pottyregisteredpuppies.com/puppies/koda-male-1,,"default index,follow",https://www.pottyregisteredpuppies.com/puppies/koda-male-1,1,Koda — Pomsky Puppy | koda-male-1 | Potty Registered Puppies,"Meet Koda, a BLACK&amp;WHITE Pomsky puppy available to enquire about. 12 weeks old, male. Enquire with Potty Registered Puppies. Listing reference: koda-male-1.",Koda,YES,3,20,Organization|WebSite|BreadcrumbList|Product,YES,2,INDEXABLE
/puppies/kofi-male-1,200,https://www.pottyregisteredpuppies.com/puppies/kofi-male-1,,"default index,follow",https://www.pottyregisteredpuppies.com/puppies/kofi-male-1,1,Kofi — Yorkie Puppy | kofi-male-1 | Potty Registered Puppies,"Meet Kofi, a STEEL BLUE Yorkie puppy available to enquire about. 12 weeks old, male. Enquire with Potty Registered Puppies. Listing reference: kofi-male-1.",Kofi,YES,2,20,Organization|WebSite|BreadcrumbList|Product,YES,2,INDEXABLE
/puppies/kofi-male-2,200,https://www.pottyregisteredpuppies.com/puppies/kofi-male-2,,"default index,follow",https://www.pottyregisteredpuppies.com/puppies/kofi-male-2,1,Kofi — Yorkie Puppy | kofi-male-2 | Potty Registered Puppies,"Meet Kofi, a STEEL BLUE Yorkie puppy available to enquire about. 12 weeks old, male. Enquire with Potty Registered Puppies. Listing reference: kofi-male-2.",Kofi,YES,2,20,Organization|WebSite|BreadcrumbList|Product,YES,2,INDEXABLE
/puppies/kofi-male-3,200,https://www.pottyregisteredpuppies.com/puppies/kofi-male-3,,"default index,follow",https://www.pottyregisteredpuppies.com/puppies/kofi-male-3,1,Kofi — Yorkie Puppy | kofi-male-3 | Potty Registered Puppies,"Meet Kofi, a STEEL BLUE Yorkie puppy available to enquire about. 16 weeks old, male. Enquire with Potty Registered Puppies. Listing reference: kofi-male-3.",Kofi,YES,2,20,Organization|WebSite|BreadcrumbList|Product,YES,2,INDEXABLE
/puppies/kofi-male-4,200,https://www.pottyregisteredpuppies.com/puppies/kofi-male-4,,"default index,follow",https://www.pottyregisteredpuppies.com/puppies/kofi-male-4,1,Kofi — Yorkie Puppy | kofi-male-4 | Potty Registered Puppies,"Meet Kofi, a STEEL BLUE Yorkie puppy available to enquire about. 12 weeks old, male. Enquire with Potty Registered Puppies. Listing reference: kofi-male-4.",Kofi,YES,2,20,Organization|WebSite|BreadcrumbList|Product,YES,2,INDEXABLE
/puppies/kyle-male-3,200,https://www.pottyregisteredpuppies.com/puppies/kyle-male-3,,"default index,follow",https://www.pottyregisteredpuppies.com/puppies/kyle-male-3,1,Kyle — Pomeranian Puppy | kyle-male-3 | Potty Registered Puppies,"Meet Kyle, a ORANGE SABLE Pomeranian puppy available to enquire about. 12 weeks old, male. Enquire with Potty Registered Puppies. Listing reference: kyle-male-3.",Kyle,YES,2,20,Organization|WebSite|BreadcrumbList|Product,YES,2,INDEXABLE
/puppies/kyle-male-4,200,https://www.pottyregisteredpuppies.com/puppies/kyle-male-4,,"default index,follow",https://www.pottyregisteredpuppies.com/puppies/kyle-male-4,1,Kyle — Pomeranian Puppy | kyle-male-4 | Potty Registered Puppies,"Meet Kyle, a WHITE Pomeranian puppy available to enquire about. 12 weeks old, male. Enquire with Potty Registered Puppies. Listing reference: kyle-male-4.",Kyle,YES,2,20,Organization|WebSite|BreadcrumbList|Product,YES,2,INDEXABLE
/puppies/kyle-male-5,200,https://www.pottyregisteredpuppies.com/puppies/kyle-male-5,,"default index,follow",https://www.pottyregisteredpuppies.com/puppies/kyle-male-5,1,Kyle — Pomeranian Puppy | kyle-male-5 | Potty Registered Puppies,"Meet Kyle, a PARTI Pomeranian puppy available to enquire about. 12 weeks old, male. Enquire with Potty Registered Puppies. Listing reference: kyle-male-5.",Kyle,YES,2,20,Organization|WebSite|BreadcrumbList|Product,YES,2,INDEXABLE
/puppies/kyle-male-6,200,https://www.pottyregisteredpuppies.com/puppies/kyle-male-6,,"default index,follow",https://www.pottyregisteredpuppies.com/puppies/kyle-male-6,1,Kyle — Pomeranian Puppy | kyle-male-6 | Potty Registered Puppies,"Meet Kyle, a MERLE Pomeranian puppy available to enquire about. 12 weeks old, male. Enquire with Potty Registered Puppies. Listing reference: kyle-male-6.",Kyle,YES,2,20,Organization|WebSite|BreadcrumbList|Product,YES,2,INDEXABLE
/puppies/lady-female,200,https://www.pottyregisteredpuppies.com/puppies/lady-female,,"default index,follow",https://www.pottyregisteredpuppies.com/puppies/lady-female,1,Lady — Poodle Puppy | lady-female | Potty Registered Puppies,"Meet Lady, a RED Poodle puppy available to enquire about. 12 weeks old, female. Enquire with Potty Registered Puppies. Listing reference: lady-female.",Lady,YES,2,20,Organization|WebSite|BreadcrumbList|Product,YES,2,INDEXABLE
/puppies/lala-female-2,200,https://www.pottyregisteredpuppies.com/puppies/lala-female-2,,"default index,follow",https://www.pottyregisteredpuppies.com/puppies/lala-female-2,1,Lala — Maltipoo Puppy | lala-female-2 | Potty Registered Puppies,"Meet Lala, a PARTI Maltipoo puppy available to enquire about. 12 weeks old, female. Enquire with Potty Registered Puppies. Listing reference: lala-female-2.",Lala,YES,2,20,Organization|WebSite|BreadcrumbList|Product,YES,2,INDEXABLE
/puppies/lala-female-3,200,https://www.pottyregisteredpuppies.com/puppies/lala-female-3,,"default index,follow",https://www.pottyregisteredpuppies.com/puppies/lala-female-3,1,Lala — Maltipoo Puppy | lala-female-3 | Potty Registered Puppies,"Meet Lala, a CREAM PARTI Maltipoo puppy available to enquire about. 12 weeks old, female. Enquire with Potty Registered Puppies. Listing reference: lala-female-3.",Lala,YES,2,20,Organization|WebSite|BreadcrumbList|Product,YES,2,INDEXABLE
/puppies/lala-female-4,200,https://www.pottyregisteredpuppies.com/puppies/lala-female-4,,"default index,follow",https://www.pottyregisteredpuppies.com/puppies/lala-female-4,1,Lala — Maltipoo Puppy | lala-female-4 | Potty Registered Puppies,"Meet Lala, a CREAM Maltipoo puppy available to enquire about. 12 weeks old, female. Enquire with Potty Registered Puppies. Listing reference: lala-female-4.",Lala,YES,2,20,Organization|WebSite|BreadcrumbList|Product,YES,2,INDEXABLE
/puppies/lala-female-5,200,https://www.pottyregisteredpuppies.com/puppies/lala-female-5,,"default index,follow",https://www.pottyregisteredpuppies.com/puppies/lala-female-5,1,Lala — Maltipoo Puppy | lala-female-5 | Potty Registered Puppies,"Meet Lala, a CREAM Maltipoo puppy available to enquire about. 12 weeks old, female. Enquire with Potty Registered Puppies. Listing reference: lala-female-5.",Lala,YES,2,20,Organization|WebSite|BreadcrumbList|Product,YES,2,INDEXABLE
/puppies/leo-male-3,200,https://www.pottyregisteredpuppies.com/puppies/leo-male-3,,"default index,follow",https://www.pottyregisteredpuppies.com/puppies/leo-male-3,1,Leo — Poodle Puppy | leo-male-3 | Potty Registered Puppies,"Meet Leo, a RED Poodle puppy available to enquire about. 12 weeks old, male. Enquire with Potty Registered Puppies. Listing reference: leo-male-3.",Leo,YES,2,20,Organization|WebSite|BreadcrumbList|Product,YES,2,INDEXABLE
/puppies/liliana-female,200,https://www.pottyregisteredpuppies.com/puppies/liliana-female,,"default index,follow",https://www.pottyregisteredpuppies.com/puppies/liliana-female,1,Liliana — Yorkie Puppy | liliana-female | Potty Registered Puppies,"Meet Liliana, a SILVER Yorkie puppy available to enquire about. 20 weeks old, female. Enquire with Potty Registered Puppies. Listing reference: liliana-female.",Liliana,YES,2,20,Organization|WebSite|BreadcrumbList|Product,YES,2,INDEXABLE
/puppies/lily-female-1,200,https://www.pottyregisteredpuppies.com/puppies/lily-female-1,,"default index,follow",https://www.pottyregisteredpuppies.com/puppies/lily-female-1,1,Lily — Yorkie Puppy | lily-female-1 | Potty Registered Puppies,"Meet Lily, a STEEL BLUE Yorkie puppy available to enquire about. 20 weeks old, female. Enquire with Potty Registered Puppies. Listing reference: lily-female-1.",Lily,YES,2,20,Organization|WebSite|BreadcrumbList|Product,YES,2,INDEXABLE
/puppies/lola-female,200,https://www.pottyregisteredpuppies.com/puppies/lola-female,,"default index,follow",https://www.pottyregisteredpuppies.com/puppies/lola-female,1,Lola — Chihuahua Puppy | lola-female | Potty Registered Puppies,"Meet Lola, a CREAM Chihuahua puppy available to enquire about. 12 weeks old, female. Enquire with Potty Registered Puppies. Listing reference: lola-female.",Lola,YES,3,19,Organization|WebSite|BreadcrumbList|Product,YES,2,INDEXABLE
/puppies/louis-male,200,https://www.pottyregisteredpuppies.com/puppies/louis-male,,"default index,follow",https://www.pottyregisteredpuppies.com/puppies/louis-male,1,Louis — Morkie Puppy | louis-male | Potty Registered Puppies,"Meet Louis, a GOLD Morkie puppy available to enquire about. 12 weeks old, male. Enquire with Potty Registered Puppies. Listing reference: louis-male.",Louis,YES,5,20,Organization|WebSite|BreadcrumbList|Product,YES,2,INDEXABLE
/puppies/luca-male,200,https://www.pottyregisteredpuppies.com/puppies/luca-male,,"default index,follow",https://www.pottyregisteredpuppies.com/puppies/luca-male,1,Luca — Mame Shiba Puppy | luca-male | Potty Registered Puppies,"Meet Luca, a RED Mame Shiba puppy available to enquire about. 12 weeks old, male. Enquire with Potty Registered Puppies. Listing reference: luca-male.",Luca,YES,2,21,Organization|WebSite|BreadcrumbList|Product,YES,2,INDEXABLE
/puppies/lucky-male-1,200,https://www.pottyregisteredpuppies.com/puppies/lucky-male-1,,"default index,follow",https://www.pottyregisteredpuppies.com/puppies/lucky-male-1,1,Koda — Pomsky Puppy | lucky-male-1 | Potty Registered Puppies,"Meet Koda, a BLACK&amp;WHITE Pomsky puppy available to enquire about. 12 weeks old, male. Enquire with Potty Registered Puppies. Listing reference: lucky-male-1.",Koda,YES,2,20,Organization|WebSite|BreadcrumbList|Product,YES,2,INDEXABLE
/puppies/lucky-male-2,200,https://www.pottyregisteredpuppies.com/puppies/lucky-male-2,,"default index,follow",https://www.pottyregisteredpuppies.com/puppies/lucky-male-2,1,Lucky — Pomsky Puppy | lucky-male-2 | Potty Registered Puppies,"Meet Lucky, a WHITE Pomsky puppy available to enquire about. 12 weeks old, male. Enquire with Potty Registered Puppies. Listing reference: lucky-male-2.",Lucky,YES,2,20,Organization|WebSite|BreadcrumbList|Product,YES,2,INDEXABLE
/puppies/lulu-female,200,https://www.pottyregisteredpuppies.com/puppies/lulu-female,,"default index,follow",https://www.pottyregisteredpuppies.com/puppies/lulu-female,1,Lulu — Maltipoo Puppy | lulu-female | Potty Registered Puppies,"Meet Lulu, a CREAM PARTI Maltipoo puppy available to enquire about. 12 weeks old, female. Enquire with Potty Registered Puppies. Listing reference: lulu-female.",Lulu,YES,2,20,Organization|WebSite|BreadcrumbList|Product,YES,2,INDEXABLE
/puppies/lulu-female-1,200,https://www.pottyregisteredpuppies.com/puppies/lulu-female-1,,"default index,follow",https://www.pottyregisteredpuppies.com/puppies/lulu-female-1,1,Lulu — Maltipoo Puppy | lulu-female-1 | Potty Registered Puppies,"Meet Lulu, a CREAM PARTI Maltipoo puppy available to enquire about. 12 weeks old, female. Enquire with Potty Registered Puppies. Listing reference: lulu-female-1.",Lulu,YES,2,20,Organization|WebSite|BreadcrumbList|Product,YES,1,INDEXABLE
/puppies/luna-female,200,https://www.pottyregisteredpuppies.com/puppies/luna-female,,"default index,follow",https://www.pottyregisteredpuppies.com/puppies/luna-female,1,Luna — Pomsky Puppy | luna-female | Potty Registered Puppies,"Meet Luna, a BLUE &amp; WHITE Pomsky puppy available to enquire about. 16 weeks old, female. Enquire with Potty Registered Puppies. Listing reference: luna-female.",Luna,YES,2,20,Organization|WebSite|BreadcrumbList|Product,YES,2,INDEXABLE
/puppies/luna-female-1,200,https://www.pottyregisteredpuppies.com/puppies/luna-female-1,,"default index,follow",https://www.pottyregisteredpuppies.com/puppies/luna-female-1,1,Luna — Yorkie Puppy | luna-female-1 | Potty Registered Puppies,"Meet Luna, a SILVER Yorkie puppy available to enquire about. 12 weeks old, female. Enquire with Potty Registered Puppies. Listing reference: luna-female-1.",Luna,YES,2,20,Organization|WebSite|BreadcrumbList|Product,YES,2,INDEXABLE
/puppies/luna-female-2,200,https://www.pottyregisteredpuppies.com/puppies/luna-female-2,,"default index,follow",https://www.pottyregisteredpuppies.com/puppies/luna-female-2,1,Luna — Poodle Puppy | luna-female-2 | Potty Registered Puppies,"Meet Luna, a RED Poodle puppy available to enquire about. 12 weeks old, female. Enquire with Potty Registered Puppies. Listing reference: luna-female-2.",Luna,YES,2,20,Organization|WebSite|BreadcrumbList|Product,YES,2,INDEXABLE
/puppies/luna-female-4,200,https://www.pottyregisteredpuppies.com/puppies/luna-female-4,,"default index,follow",https://www.pottyregisteredpuppies.com/puppies/luna-female-4,1,Luna — Poodle Puppy | luna-female-4 | Potty Registered Puppies,"Meet Luna, a APRICOT Poodle puppy available to enquire about. 12 weeks old, female. Enquire with Potty Registered Puppies. Listing reference: luna-female-4.",Luna,YES,2,20,Organization|WebSite|BreadcrumbList|Product,YES,2,INDEXABLE
/puppies/lyra-female-4,200,https://www.pottyregisteredpuppies.com/puppies/lyra-female-4,,"default index,follow",https://www.pottyregisteredpuppies.com/puppies/lyra-female-4,1,Lyra — Maltipoo Puppy | lyra-female-4 | Potty Registered Puppies,"Meet Lyra, a PARTI Maltipoo puppy available to enquire about. 12 weeks old, female. Enquire with Potty Registered Puppies. Listing reference: lyra-female-4.",Lyra,YES,2,20,Organization|WebSite|BreadcrumbList|Product,YES,2,INDEXABLE
/puppies/lyra-female-5,200,https://www.pottyregisteredpuppies.com/puppies/lyra-female-5,,"default index,follow",https://www.pottyregisteredpuppies.com/puppies/lyra-female-5,1,Lyra — Maltipoo Puppy | lyra-female-5 | Potty Registered Puppies,"Meet Lyra, a PARTI Maltipoo puppy available to enquire about. 12 weeks old, female. Enquire with Potty Registered Puppies. Listing reference: lyra-female-5.",Lyra,YES,2,20,Organization|WebSite|BreadcrumbList|Product,YES,2,INDEXABLE
/puppies/lyra-female-6,200,https://www.pottyregisteredpuppies.com/puppies/lyra-female-6,,"default index,follow",https://www.pottyregisteredpuppies.com/puppies/lyra-female-6,1,Lyra — Maltipoo Puppy | lyra-female-6 | Potty Registered Puppies,"Meet Lyra, a PARTI Maltipoo puppy available to enquire about. 12 weeks old, female. Enquire with Potty Registered Puppies. Listing reference: lyra-female-6.",Lyra,YES,2,20,Organization|WebSite|BreadcrumbList|Product,YES,2,INDEXABLE
/puppies/lyra-female-7,200,https://www.pottyregisteredpuppies.com/puppies/lyra-female-7,,"default index,follow",https://www.pottyregisteredpuppies.com/puppies/lyra-female-7,1,Lyra — Maltipoo Puppy | lyra-female-7 | Potty Registered Puppies,"Meet Lyra, a CREAM Maltipoo puppy available to enquire about. 12 weeks old, female. Enquire with Potty Registered Puppies. Listing reference: lyra-female-7.",Lyra,YES,2,20,Organization|WebSite|BreadcrumbList|Product,YES,2,INDEXABLE
/puppies/lyra-female-8,200,https://www.pottyregisteredpuppies.com/puppies/lyra-female-8,,"default index,follow",https://www.pottyregisteredpuppies.com/puppies/lyra-female-8,1,Lyra — Maltipoo Puppy | lyra-female-8 | Potty Registered Puppies,"Meet Lyra, a PARTI Maltipoo puppy available to enquire about. 12 weeks old, female. Enquire with Potty Registered Puppies. Listing reference: lyra-female-8.",Lyra,YES,2,20,Organization|WebSite|BreadcrumbList|Product,YES,2,INDEXABLE
/puppies/maggie-female-4,200,https://www.pottyregisteredpuppies.com/puppies/maggie-female-4,,"default index,follow",https://www.pottyregisteredpuppies.com/puppies/maggie-female-4,1,Maggie — Yorkie Puppy | maggie-female-4 | Potty Registered Puppies,"Meet Maggie, a STEEL BLUE Yorkie puppy available to enquire about. 12 weeks old, female. Enquire with Potty Registered Puppies. Listing reference: maggie-female-4.",Maggie,YES,2,20,Organization|WebSite|BreadcrumbList|Product,YES,2,INDEXABLE
/puppies/maggie-female-5,200,https://www.pottyregisteredpuppies.com/puppies/maggie-female-5,,"default index,follow",https://www.pottyregisteredpuppies.com/puppies/maggie-female-5,1,Maggie — Yorkie Puppy | maggie-female-5 | Potty Registered Puppies,"Meet Maggie, a STEEL BLUE Yorkie puppy available to enquire about. 20 weeks old, female. Enquire with Potty Registered Puppies. Listing reference: maggie-female-5.",Maggie,YES,2,20,Organization|WebSite|BreadcrumbList|Product,YES,2,INDEXABLE
/puppies/marble-male,200,https://www.pottyregisteredpuppies.com/puppies/marble-male,,"default index,follow",https://www.pottyregisteredpuppies.com/puppies/marble-male,1,Marble — Pomeranian Puppy | marble-male | Potty Registered Puppies,"Meet Marble, a BLUE MERLE Pomeranian puppy available to enquire about. 32 weeks old, male. Enquire with Potty Registered Puppies. Listing reference: marble-male.",Marble,YES,2,20,Organization|WebSite|BreadcrumbList|Product,YES,2,INDEXABLE
/puppies/marco-male-1,200,https://www.pottyregisteredpuppies.com/puppies/marco-male-1,,"default index,follow",https://www.pottyregisteredpuppies.com/puppies/marco-male-1,1,Marco — Maltipoo Puppy | marco-male-1 | Potty Registered Puppies,"Meet Marco, a PARTI Maltipoo puppy available to enquire about. 12 weeks old, male. Enquire with Potty Registered Puppies. Listing reference: marco-male-1.",Marco,YES,2,20,Organization|WebSite|BreadcrumbList|Product,YES,2,INDEXABLE
/puppies/marco-male-2,200,https://www.pottyregisteredpuppies.com/puppies/marco-male-2,,"default index,follow",https://www.pottyregisteredpuppies.com/puppies/marco-male-2,1,Marco — Maltipoo Puppy | marco-male-2 | Potty Registered Puppies,"Meet Marco, a CREAM PARTI Maltipoo puppy available to enquire about. 20 weeks old, male. Enquire with Potty Registered Puppies. Listing reference: marco-male-2.",Marco,YES,2,20,Organization|WebSite|BreadcrumbList|Product,YES,2,INDEXABLE
/puppies/marco-male-3,200,https://www.pottyregisteredpuppies.com/puppies/marco-male-3,,"default index,follow",https://www.pottyregisteredpuppies.com/puppies/marco-male-3,1,Marco — Maltipoo Puppy | marco-male-3 | Potty Registered Puppies,"Meet Marco, a PARTI Maltipoo puppy available to enquire about. 12 weeks old, male. Enquire with Potty Registered Puppies. Listing reference: marco-male-3.",Marco,YES,2,20,Organization|WebSite|BreadcrumbList|Product,YES,2,INDEXABLE
/puppies/marshmallow-male,200,https://www.pottyregisteredpuppies.com/puppies/marshmallow-male,,"default index,follow",https://www.pottyregisteredpuppies.com/puppies/marshmallow-male,1,Marshmallow — Coton De Tulear Puppy | marshmallow-male | Potty Registered Puppies,"Meet Marshmallow, a PARTI Coton De Tulear puppy available to enquire about. 12 weeks old, male. Enquire with Potty Registered Puppies. Listing reference: marshmallow-male.",Marshmallow,YES,2,20,Organization|WebSite|BreadcrumbList|Product,YES,2,INDEXABLE
/puppies/marshy-male,200,https://www.pottyregisteredpuppies.com/puppies/marshy-male,,"default index,follow",https://www.pottyregisteredpuppies.com/puppies/marshy-male,1,Marshy — Pomsky Puppy | marshy-male | Potty Registered Puppies,"Meet Marshy, a WHITE Pomsky puppy available to enquire about. 16 weeks old, male. Enquire with Potty Registered Puppies. Listing reference: marshy-male.",Marshy,YES,2,20,Organization|WebSite|BreadcrumbList|Product,YES,2,INDEXABLE
/puppies/mason-male-2,200,https://www.pottyregisteredpuppies.com/puppies/mason-male-2,,"default index,follow",https://www.pottyregisteredpuppies.com/puppies/mason-male-2,1,Benny — Maltitzu Puppy | mason-male-2 | Potty Registered Puppies,"Meet Benny, a BROWN &amp; WHITE Maltitzu puppy available to enquire about. 12 weeks old, male. Enquire with Potty Registered Puppies. Listing reference: mason-male-2.",Benny,YES,5,21,Organization|WebSite|BreadcrumbList|Product,YES,2,INDEXABLE
/puppies/mauve-female,200,https://www.pottyregisteredpuppies.com/puppies/mauve-female,,"default index,follow",https://www.pottyregisteredpuppies.com/puppies/mauve-female,1,Mauve — Frenchie Puppy | mauve-female | Potty Registered Puppies,"Meet Mauve, a LILAC Frenchie puppy available to enquire about. 12 weeks old, female. Enquire with Potty Registered Puppies. Listing reference: mauve-female.",Mauve,YES,3,19,Organization|WebSite|BreadcrumbList|Product,YES,2,INDEXABLE
/puppies/melina-female-3,200,https://www.pottyregisteredpuppies.com/puppies/melina-female-3,,"default index,follow",https://www.pottyregisteredpuppies.com/puppies/melina-female-3,1,Melina — Poodle Puppy | melina-female-3 | Potty Registered Puppies,"Meet Melina, a BLUE MERLE Poodle puppy available to enquire about. 12 weeks old, female. Enquire with Potty Registered Puppies. Listing reference: melina-female-3.",Melina,YES,2,20,Organization|WebSite|BreadcrumbList|Product,YES,2,INDEXABLE
/puppies/melina-female-4,200,https://www.pottyregisteredpuppies.com/puppies/melina-female-4,,"default index,follow",https://www.pottyregisteredpuppies.com/puppies/melina-female-4,1,Melina — Poodle Puppy | melina-female-4 | Potty Registered Puppies,"Meet Melina, a BLUE Poodle puppy available to enquire about. 12 weeks old, female. Enquire with Potty Registered Puppies. Listing reference: melina-female-4.",Melina,YES,2,20,Organization|WebSite|BreadcrumbList|Product,YES,2,INDEXABLE
/puppies/melna-female,200,https://www.pottyregisteredpuppies.com/puppies/melna-female,,"default index,follow",https://www.pottyregisteredpuppies.com/puppies/melna-female,1,Melina — Poodle Puppy | melna-female | Potty Registered Puppies,"Meet Melina, a RED Poodle puppy available to enquire about. 12 weeks old, female. Enquire with Potty Registered Puppies. Listing reference: melna-female.",Melina,YES,2,20,Organization|WebSite|BreadcrumbList|Product,YES,2,INDEXABLE
/puppies/milo-male-10,200,https://www.pottyregisteredpuppies.com/puppies/milo-male-10,,"default index,follow",https://www.pottyregisteredpuppies.com/puppies/milo-male-10,1,Milo — Poodle Puppy | milo-male-10 | Potty Registered Puppies,"Meet Milo, a RED Poodle puppy available to enquire about. 12 weeks old, male. Enquire with Potty Registered Puppies. Listing reference: milo-male-10.",Milo,YES,2,20,Organization|WebSite|BreadcrumbList|Product,YES,2,INDEXABLE
/puppies/milo-male-11,200,https://www.pottyregisteredpuppies.com/puppies/milo-male-11,,"default index,follow",https://www.pottyregisteredpuppies.com/puppies/milo-male-11,1,Milo — Poodle Puppy | milo-male-11 | Potty Registered Puppies,"Meet Milo, a BLUE Poodle puppy available to enquire about. 12 weeks old, male. Enquire with Potty Registered Puppies. Listing reference: milo-male-11.",Milo,YES,2,20,Organization|WebSite|BreadcrumbList|Product,YES,2,INDEXABLE
/puppies/milo-male-6,200,https://www.pottyregisteredpuppies.com/puppies/milo-male-6,,"default index,follow",https://www.pottyregisteredpuppies.com/puppies/milo-male-6,1,Milo — Poodle Puppy | milo-male-6 | Potty Registered Puppies,"Meet Milo, a RED Poodle puppy available to enquire about. 12 weeks old, male. Enquire with Potty Registered Puppies. Listing reference: milo-male-6.",Milo,YES,2,20,Organization|WebSite|BreadcrumbList|Product,YES,2,INDEXABLE
/puppies/milo-male-7,200,https://www.pottyregisteredpuppies.com/puppies/milo-male-7,,"default index,follow",https://www.pottyregisteredpuppies.com/puppies/milo-male-7,1,Milo — Pomsky Puppy | milo-male-7 | Potty Registered Puppies,"Meet Milo, a BLACK&amp;WHITE Pomsky puppy available to enquire about. 12 weeks old, male. Enquire with Potty Registered Puppies. Listing reference: milo-male-7.",Milo,YES,2,20,Organization|WebSite|BreadcrumbList|Product,YES,2,INDEXABLE
/puppies/milo-male-8,200,https://www.pottyregisteredpuppies.com/puppies/milo-male-8,,"default index,follow",https://www.pottyregisteredpuppies.com/puppies/milo-male-8,1,Milo — Poodle Puppy | milo-male-8 | Potty Registered Puppies,"Meet Milo, a APRICOT Poodle puppy available to enquire about. 12 weeks old, male. Enquire with Potty Registered Puppies. Listing reference: milo-male-8.",Milo,YES,2,20,Organization|WebSite|BreadcrumbList|Product,YES,2,INDEXABLE
/puppies/milo-male-9,200,https://www.pottyregisteredpuppies.com/puppies/milo-male-9,,"default index,follow",https://www.pottyregisteredpuppies.com/puppies/milo-male-9,1,Milo — Biewer Terrier Puppy | milo-male-9 | Potty Registered Puppies,"Meet Milo, a BLACK WHITE GOLD Biewer Terrier puppy available to enquire about. 16 weeks old, male. Enquire with Potty Registered Puppies. Listing reference: milo-male-9.",Milo,YES,3,21,Organization|WebSite|BreadcrumbList|Product,YES,2,INDEXABLE
/puppies/mimi-female,200,https://www.pottyregisteredpuppies.com/puppies/mimi-female,,"default index,follow",https://www.pottyregisteredpuppies.com/puppies/mimi-female,1,Mimi — Chihuahua Puppy | mimi-female | Potty Registered Puppies,"Meet Mimi, a BLACK TAN Chihuahua puppy available to enquire about. 20 weeks old, female. Enquire with Potty Registered Puppies. Listing reference: mimi-female.",Mimi,YES,2,19,Organization|WebSite|BreadcrumbList|Product,YES,2,INDEXABLE
/puppies/misty-female,200,https://www.pottyregisteredpuppies.com/puppies/misty-female,,"default index,follow",https://www.pottyregisteredpuppies.com/puppies/misty-female,1,Misty — Poodle Puppy | misty-female | Potty Registered Puppies,"Meet Misty, a SILVER Poodle puppy available to enquire about. 12 weeks old, female. Enquire with Potty Registered Puppies. Listing reference: misty-female.",Misty,YES,2,20,Organization|WebSite|BreadcrumbList|Product,YES,2,INDEXABLE
/puppies/mitch-male-1,200,https://www.pottyregisteredpuppies.com/puppies/mitch-male-1,,"default index,follow",https://www.pottyregisteredpuppies.com/puppies/mitch-male-1,1,Mitch — Poodle Puppy | mitch-male-1 | Potty Registered Puppies,"Meet Mitch, a RED Poodle puppy available to enquire about. 12 weeks old, male. Enquire with Potty Registered Puppies. Listing reference: mitch-male-1.",Mitch,YES,2,20,Organization|WebSite|BreadcrumbList|Product,YES,2,INDEXABLE
/puppies/mitch-male-2,200,https://www.pottyregisteredpuppies.com/puppies/mitch-male-2,,"default index,follow",https://www.pottyregisteredpuppies.com/puppies/mitch-male-2,1,Mitch — Poodle Puppy | mitch-male-2 | Potty Registered Puppies,"Meet Mitch, a RED PARTI Poodle puppy available to enquire about. 12 weeks old, male. Enquire with Potty Registered Puppies. Listing reference: mitch-male-2.",Mitch,YES,2,20,Organization|WebSite|BreadcrumbList|Product,YES,2,INDEXABLE
/puppies/mocha-female,200,https://www.pottyregisteredpuppies.com/puppies/mocha-female,,"default index,follow",https://www.pottyregisteredpuppies.com/puppies/mocha-female,1,Mocha — Poodle Puppy | mocha-female | Potty Registered Puppies,"Meet Mocha, a CHOCOLATE MERLE Poodle puppy available to enquire about. 12 weeks old, female. Enquire with Potty Registered Puppies. Listing reference: mocha-female.",Mocha,YES,2,20,Organization|WebSite|BreadcrumbList|Product,YES,2,INDEXABLE
/puppies/mochi-female-2,200,https://www.pottyregisteredpuppies.com/puppies/mochi-female-2,,"default index,follow",https://www.pottyregisteredpuppies.com/puppies/mochi-female-2,1,Mochi — Pomeranian Puppy | mochi-female-2 | Potty Registered Puppies,"Meet Mochi, a WHITE Pomeranian puppy available to enquire about. 12 weeks old, female. Enquire with Potty Registered Puppies. Listing reference: mochi-female-2.",Mochi,YES,2,20,Organization|WebSite|BreadcrumbList|Product,YES,2,INDEXABLE
/puppies/mochi-female-3,200,https://www.pottyregisteredpuppies.com/puppies/mochi-female-3,,"default index,follow",https://www.pottyregisteredpuppies.com/puppies/mochi-female-3,1,Mochi — Coton De Tulear Puppy | mochi-female-3 | Potty Registered Puppies,"Meet Mochi, a PARTI Coton De Tulear puppy available to enquire about. 12 weeks old, female. Enquire with Potty Registered Puppies. Listing reference: mochi-female-3.",Mochi,YES,2,20,Organization|WebSite|BreadcrumbList|Product,YES,2,INDEXABLE
/puppies/mochi-female-4,200,https://www.pottyregisteredpuppies.com/puppies/mochi-female-4,,"default index,follow",https://www.pottyregisteredpuppies.com/puppies/mochi-female-4,1,Mochi — Pomeranian Puppy | mochi-female-4 | Potty Registered Puppies,"Meet Mochi, a WHITE Pomeranian puppy available to enquire about. 12 weeks old, female. Enquire with Potty Registered Puppies. Listing reference: mochi-female-4.",Mochi,YES,2,20,Organization|WebSite|BreadcrumbList|Product,YES,2,INDEXABLE
/puppies/mochi-female-5,200,https://www.pottyregisteredpuppies.com/puppies/mochi-female-5,,"default index,follow",https://www.pottyregisteredpuppies.com/puppies/mochi-female-5,1,Mochi — Poodle Puppy | mochi-female-5 | Potty Registered Puppies,"Meet Mochi, a CREAM Poodle puppy available to enquire about. 12 weeks old, female. Enquire with Potty Registered Puppies. Listing reference: mochi-female-5.",Mochi,YES,2,20,Organization|WebSite|BreadcrumbList|Product,YES,2,INDEXABLE
/puppies/mochi-female-6,200,https://www.pottyregisteredpuppies.com/puppies/mochi-female-6,,"default index,follow",https://www.pottyregisteredpuppies.com/puppies/mochi-female-6,1,Mochi — Pomeranian Puppy | mochi-female-6 | Potty Registered Puppies,"Meet Mochi, a WHITE Pomeranian puppy available to enquire about. 12 weeks old, female. Enquire with Potty Registered Puppies. Listing reference: mochi-female-6.",Mochi,YES,2,20,Organization|WebSite|BreadcrumbList|Product,YES,2,INDEXABLE
/puppies/mochi-female-7,200,https://www.pottyregisteredpuppies.com/puppies/mochi-female-7,,"default index,follow",https://www.pottyregisteredpuppies.com/puppies/mochi-female-7,1,Mochi — Poodle Puppy | mochi-female-7 | Potty Registered Puppies,"Meet Mochi, a CREAM PARTI Poodle puppy available to enquire about. 12 weeks old, female. Enquire with Potty Registered Puppies. Listing reference: mochi-female-7.",Mochi,YES,2,20,Organization|WebSite|BreadcrumbList|Product,YES,2,INDEXABLE
/puppies/mochi-female-8,200,https://www.pottyregisteredpuppies.com/puppies/mochi-female-8,,"default index,follow",https://www.pottyregisteredpuppies.com/puppies/mochi-female-8,1,Mochi — Maltese Puppy | mochi-female-8 | Potty Registered Puppies,"Meet Mochi, a WHITE Maltese puppy available to enquire about. 20 weeks old, female. Enquire with Potty Registered Puppies. Listing reference: mochi-female-8.",Mochi,YES,2,20,Organization|WebSite|BreadcrumbList|Product,YES,2,INDEXABLE
/puppies/mochi-female-9,200,https://www.pottyregisteredpuppies.com/puppies/mochi-female-9,,"default index,follow",https://www.pottyregisteredpuppies.com/puppies/mochi-female-9,1,Mochi — Maltese Puppy | mochi-female-9 | Potty Registered Puppies,"Meet Mochi, a WHITE Maltese puppy available to enquire about. 16 weeks old, female. Enquire with Potty Registered Puppies. Listing reference: mochi-female-9.",Mochi,YES,5,20,Organization|WebSite|BreadcrumbList|Product,YES,2,INDEXABLE
/puppies/mochi-male-2,200,https://www.pottyregisteredpuppies.com/puppies/mochi-male-2,,"default index,follow",https://www.pottyregisteredpuppies.com/puppies/mochi-male-2,1,Mochi — Pomeranian Puppy | mochi-male-2 | Potty Registered Puppies,"Meet Mochi, a CREAM Pomeranian puppy available to enquire about. 12 weeks old, male. Enquire with Potty Registered Puppies. Listing reference: mochi-male-2.",Mochi,YES,2,20,Organization|WebSite|BreadcrumbList|Product,YES,2,INDEXABLE
/puppies/molly-female-3,200,https://www.pottyregisteredpuppies.com/puppies/molly-female-3,,"default index,follow",https://www.pottyregisteredpuppies.com/puppies/molly-female-3,1,Bailey — Mini Schnauzer Puppy | molly-female-3 | Potty Registered Puppies,"Meet Bailey, a BLACK Mini Schnauzer puppy available to enquire about. 12 weeks old, female. Enquire with Potty Registered Puppies. Listing reference: molly-female-3.",Bailey,YES,3,20,Organization|WebSite|BreadcrumbList|Product,YES,2,INDEXABLE
/puppies/monty-male-4,200,https://www.pottyregisteredpuppies.com/puppies/monty-male-4,,"default index,follow",https://www.pottyregisteredpuppies.com/puppies/monty-male-4,1,Monty — Poodle Puppy | monty-male-4 | Potty Registered Puppies,"Meet Monty, a CREAM Poodle puppy available to enquire about. 12 weeks old, male. Enquire with Potty Registered Puppies. Listing reference: monty-male-4.",Monty,YES,2,20,Organization|WebSite|BreadcrumbList|Product,YES,2,INDEXABLE
/puppies/monty-male-5,200,https://www.pottyregisteredpuppies.com/puppies/monty-male-5,,"default index,follow",https://www.pottyregisteredpuppies.com/puppies/monty-male-5,1,Monty — Poodle Puppy | monty-male-5 | Potty Registered Puppies,"Meet Monty, a APRICOT Poodle puppy available to enquire about. 12 weeks old, male. Enquire with Potty Registered Puppies. Listing reference: monty-male-5.",Monty,YES,2,20,Organization|WebSite|BreadcrumbList|Product,YES,2,INDEXABLE
/puppies/monty-male-6,200,https://www.pottyregisteredpuppies.com/puppies/monty-male-6,,"default index,follow",https://www.pottyregisteredpuppies.com/puppies/monty-male-6,1,Monty — Poodle Puppy | monty-male-6 | Potty Registered Puppies,"Meet Monty, a RED Poodle puppy available to enquire about. 12 weeks old, male. Enquire with Potty Registered Puppies. Listing reference: monty-male-6.",Monty,YES,2,20,Organization|WebSite|BreadcrumbList|Product,YES,2,INDEXABLE
/puppies/myles-male-2,200,https://www.pottyregisteredpuppies.com/puppies/myles-male-2,,"default index,follow",https://www.pottyregisteredpuppies.com/puppies/myles-male-2,1,Myles — Maltipoo Puppy | myles-male-2 | Potty Registered Puppies,"Meet Myles, a PARTI Maltipoo puppy available to enquire about. 12 weeks old, male. Enquire with Potty Registered Puppies. Listing reference: myles-male-2.",Myles,YES,2,20,Organization|WebSite|BreadcrumbList|Product,YES,2,INDEXABLE
/puppies/myles-male-3,200,https://www.pottyregisteredpuppies.com/puppies/myles-male-3,,"default index,follow",https://www.pottyregisteredpuppies.com/puppies/myles-male-3,1,Myles — Maltipoo Puppy | myles-male-3 | Potty Registered Puppies,"Meet Myles, a PARTI Maltipoo puppy available to enquire about. 12 weeks old, male. Enquire with Potty Registered Puppies. Listing reference: myles-male-3.",Myles,YES,2,20,Organization|WebSite|BreadcrumbList|Product,YES,2,INDEXABLE
/puppies/myles-male-4,200,https://www.pottyregisteredpuppies.com/puppies/myles-male-4,,"default index,follow",https://www.pottyregisteredpuppies.com/puppies/myles-male-4,1,Myles — Maltipoo Puppy | myles-male-4 | Potty Registered Puppies,"Meet Myles, a PARTI Maltipoo puppy available to enquire about. 12 weeks old, male. Enquire with Potty Registered Puppies. Listing reference: myles-male-4.",Myles,YES,2,20,Organization|WebSite|BreadcrumbList|Product,YES,2,INDEXABLE
/puppies/myles-male-5,200,https://www.pottyregisteredpuppies.com/puppies/myles-male-5,,"default index,follow",https://www.pottyregisteredpuppies.com/puppies/myles-male-5,1,Myles — Maltipoo Puppy | myles-male-5 | Potty Registered Puppies,"Meet Myles, a PARTI Maltipoo puppy available to enquire about. 12 weeks old, male. Enquire with Potty Registered Puppies. Listing reference: myles-male-5.",Myles,YES,2,20,Organization|WebSite|BreadcrumbList|Product,YES,2,INDEXABLE
/puppies/myles-male-6,200,https://www.pottyregisteredpuppies.com/puppies/myles-male-6,,"default index,follow",https://www.pottyregisteredpuppies.com/puppies/myles-male-6,1,Myles — Maltipoo Puppy | myles-male-6 | Potty Registered Puppies,"Meet Myles, a PARTI Maltipoo puppy available to enquire about. 12 weeks old, male. Enquire with Potty Registered Puppies. Listing reference: myles-male-6.",Myles,YES,2,20,Organization|WebSite|BreadcrumbList|Product,YES,2,INDEXABLE
/puppies/myles-male-7,200,https://www.pottyregisteredpuppies.com/puppies/myles-male-7,,"default index,follow",https://www.pottyregisteredpuppies.com/puppies/myles-male-7,1,Myles — Maltipoo Puppy | myles-male-7 | Potty Registered Puppies,"Meet Myles, a PARTI Maltipoo puppy available to enquire about. 12 weeks old, male. Enquire with Potty Registered Puppies. Listing reference: myles-male-7.",Myles,YES,2,20,Organization|WebSite|BreadcrumbList|Product,YES,2,INDEXABLE
/puppies/nala-female-1,200,https://www.pottyregisteredpuppies.com/puppies/nala-female-1,,"default index,follow",https://www.pottyregisteredpuppies.com/puppies/nala-female-1,1,Nala — Poodle Puppy | nala-female-1 | Potty Registered Puppies,"Meet Nala, a SILVER Poodle puppy available to enquire about. 12 weeks old, female. Enquire with Potty Registered Puppies. Listing reference: nala-female-1.",Nala,YES,2,20,Organization|WebSite|BreadcrumbList|Product,YES,2,INDEXABLE
/puppies/nana-female-1,200,https://www.pottyregisteredpuppies.com/puppies/nana-female-1,,"default index,follow",https://www.pottyregisteredpuppies.com/puppies/nana-female-1,1,Nana — Pomsky Puppy | nana-female-1 | Potty Registered Puppies,"Meet Nana, a WHITE Pomsky puppy available to enquire about. 12 weeks old, female. Enquire with Potty Registered Puppies. Listing reference: nana-female-1.",Nana,YES,2,20,Organization|WebSite|BreadcrumbList|Product,YES,2,INDEXABLE
/puppies/new-babies-6,200,https://www.pottyregisteredpuppies.com/puppies/new-babies-6,,"default index,follow",https://www.pottyregisteredpuppies.com/puppies/new-babies-6,1,Loki — Poodle Puppy | new-babies-6 | Potty Registered Puppies,"Meet Loki, a LILAC Poodle puppy available to enquire about. 12 weeks old, male. Enquire with Potty Registered Puppies. Listing reference: new-babies-6.",Loki,YES,2,20,Organization|WebSite|BreadcrumbList|Product,YES,2,INDEXABLE
/puppies/nico-male,200,https://www.pottyregisteredpuppies.com/puppies/nico-male,,"default index,follow",https://www.pottyregisteredpuppies.com/puppies/nico-male,1,Nico — Biewer Terrier Puppy | nico-male | Potty Registered Puppies,"Meet Nico, a BLACK WHITE GOLD Biewer Terrier puppy available to enquire about. 12 weeks old, male. Enquire with Potty Registered Puppies. Listing reference: nico-male.",Nico,YES,2,21,Organization|WebSite|BreadcrumbList|Product,YES,2,INDEXABLE
/puppies/noa-female,200,https://www.pottyregisteredpuppies.com/puppies/noa-female,,"default index,follow",https://www.pottyregisteredpuppies.com/puppies/noa-female,1,Noa — Coton De Tulear Puppy | noa-female | Potty Registered Puppies,"Meet Noa, a PARTI Coton De Tulear puppy available to enquire about. 12 weeks old, female. Enquire with Potty Registered Puppies. Listing reference: noa-female.",Noa,YES,2,20,Organization|WebSite|BreadcrumbList|Product,YES,2,INDEXABLE
/puppies/noah-male,200,https://www.pottyregisteredpuppies.com/puppies/noah-male,,"default index,follow",https://www.pottyregisteredpuppies.com/puppies/noah-male,1,Noah — Maltipoo Puppy | noah-male | Potty Registered Puppies,"Meet Noah, a MERLE Maltipoo puppy available to enquire about. 12 weeks old, male. Enquire with Potty Registered Puppies. Listing reference: noah-male.",Noah,YES,2,20,Organization|WebSite|BreadcrumbList|Product,YES,2,INDEXABLE
/puppies/noah-male-1,200,https://www.pottyregisteredpuppies.com/puppies/noah-male-1,,"default index,follow",https://www.pottyregisteredpuppies.com/puppies/noah-male-1,1,Noah — Maltipoo Puppy | noah-male-1 | Potty Registered Puppies,"Meet Noah, a MERLE Maltipoo puppy available to enquire about. 12 weeks old, male. Enquire with Potty Registered Puppies. Listing reference: noah-male-1.",Noah,YES,2,20,Organization|WebSite|BreadcrumbList|Product,YES,2,INDEXABLE
/puppies/noir-male,200,https://www.pottyregisteredpuppies.com/puppies/noir-male,,"default index,follow",https://www.pottyregisteredpuppies.com/puppies/noir-male,1,Noir — Pomeranian Puppy | noir-male | Potty Registered Puppies,"Meet Noir, a BLACK Pomeranian puppy available to enquire about. 12 weeks old, male. Enquire with Potty Registered Puppies. Listing reference: noir-male.",Noir,YES,2,20,Organization|WebSite|BreadcrumbList|Product,YES,2,INDEXABLE
/puppies/nola-female,200,https://www.pottyregisteredpuppies.com/puppies/nola-female,,"default index,follow",https://www.pottyregisteredpuppies.com/puppies/nola-female,1,Nola — Pomsky Puppy | nola-female | Potty Registered Puppies,"Meet Nola, a CREAM Pomsky puppy available to enquire about. 12 weeks old, female. Enquire with Potty Registered Puppies. Listing reference: nola-female.",Nola,YES,2,20,Organization|WebSite|BreadcrumbList|Product,YES,2,INDEXABLE
/puppies/nova-female,200,https://www.pottyregisteredpuppies.com/puppies/nova-female,,"default index,follow",https://www.pottyregisteredpuppies.com/puppies/nova-female,1,Nova — Doodle Puppy | nova-female | Potty Registered Puppies,"Meet Nova, a MERLE Doodle puppy available to enquire about. 12 weeks old, female. Enquire with Potty Registered Puppies. Listing reference: nova-female.",Nova,YES,2,21,Organization|WebSite|BreadcrumbList|Product,YES,2,INDEXABLE
/puppies/nova-female-2,200,https://www.pottyregisteredpuppies.com/puppies/nova-female-2,,"default index,follow",https://www.pottyregisteredpuppies.com/puppies/nova-female-2,1,Nova — Doodle Puppy | nova-female-2 | Potty Registered Puppies,"Meet Nova, a MERLE Doodle puppy available to enquire about. 12 weeks old, female. Enquire with Potty Registered Puppies. Listing reference: nova-female-2.",Nova,YES,3,21,Organization|WebSite|BreadcrumbList|Product,YES,2,INDEXABLE
/puppies/nova-female-3,200,https://www.pottyregisteredpuppies.com/puppies/nova-female-3,,"default index,follow",https://www.pottyregisteredpuppies.com/puppies/nova-female-3,1,Nova — Dachshund Puppy | nova-female-3 | Potty Registered Puppies,"Meet Nova, a PIEBALD Dachshund puppy available to enquire about. 20 weeks old, female. Enquire with Potty Registered Puppies. Listing reference: nova-female-3.",Nova,YES,2,19,Organization|WebSite|BreadcrumbList|Product,YES,2,INDEXABLE
/puppies/nugget-male-1,200,https://www.pottyregisteredpuppies.com/puppies/nugget-male-1,,"default index,follow",https://www.pottyregisteredpuppies.com/puppies/nugget-male-1,1,Nugget — Poodle Puppy | nugget-male-1 | Potty Registered Puppies,"Meet Nugget, a RED Poodle puppy available to enquire about. 12 weeks old, male. Enquire with Potty Registered Puppies. Listing reference: nugget-male-1.",Nugget,YES,2,20,Organization|WebSite|BreadcrumbList|Product,YES,2,INDEXABLE
/puppies/nugget-male-2,200,https://www.pottyregisteredpuppies.com/puppies/nugget-male-2,,"default index,follow",https://www.pottyregisteredpuppies.com/puppies/nugget-male-2,1,Nugget — Poodle Puppy | nugget-male-2 | Potty Registered Puppies,"Meet Nugget, a RED Poodle puppy available to enquire about. 12 weeks old, male. Enquire with Potty Registered Puppies. Listing reference: nugget-male-2.",Nugget,YES,2,20,Organization|WebSite|BreadcrumbList|Product,YES,2,INDEXABLE
/puppies/nugget-male-3,200,https://www.pottyregisteredpuppies.com/puppies/nugget-male-3,,"default index,follow",https://www.pottyregisteredpuppies.com/puppies/nugget-male-3,1,Nugget — Poodle Puppy | nugget-male-3 | Potty Registered Puppies,"Meet Nugget, a APRICOT Poodle puppy available to enquire about. 12 weeks old, male. Enquire with Potty Registered Puppies. Listing reference: nugget-male-3.",Nugget,YES,2,20,Organization|WebSite|BreadcrumbList|Product,YES,2,INDEXABLE
/puppies/nutella-female,200,https://www.pottyregisteredpuppies.com/puppies/nutella-female,,"default index,follow",https://www.pottyregisteredpuppies.com/puppies/nutella-female,1,Nutella — Pomeranian Puppy | nutella-female | Potty Registered Puppies,"Meet Nutella, a CHOCOLATE Pomeranian puppy available to enquire about. 12 weeks old, female. Enquire with Potty Registered Puppies. Listing reference: nutella-female.",Nutella,YES,2,20,Organization|WebSite|BreadcrumbList|Product,YES,2,INDEXABLE
/puppies/nutella-female-1,200,https://www.pottyregisteredpuppies.com/puppies/nutella-female-1,,"default index,follow",https://www.pottyregisteredpuppies.com/puppies/nutella-female-1,1,Nutella — Pomeranian Puppy | nutella-female-1 | Potty Registered Puppies,"Meet Nutella, a CHOCOLATE SABLE Pomeranian puppy available to enquire about. 12 weeks old, female. Enquire with Potty Registered Puppies. Listing reference: nutella-female-1.",Nutella,YES,2,20,Organization|WebSite|BreadcrumbList|Product,YES,2,INDEXABLE
/puppies/nutella-male,200,https://www.pottyregisteredpuppies.com/puppies/nutella-male,,"default index,follow",https://www.pottyregisteredpuppies.com/puppies/nutella-male,1,Nutella — Pomeranian Puppy | nutella-male | Potty Registered Puppies,"Meet Nutella, a CHOCOLATE MERLE Pomeranian puppy available to enquire about. 12 weeks old, male. Enquire with Potty Registered Puppies. Listing reference: nutella-male.",Nutella,YES,2,20,Organization|WebSite|BreadcrumbList|Product,YES,2,INDEXABLE
/puppies/olivia-female,200,https://www.pottyregisteredpuppies.com/puppies/olivia-female,,"default index,follow",https://www.pottyregisteredpuppies.com/puppies/olivia-female,1,Olivia — Poodle Puppy | olivia-female | Potty Registered Puppies,"Meet Olivia, a RED Poodle puppy available to enquire about. 12 weeks old, female. Enquire with Potty Registered Puppies. Listing reference: olivia-female.",Olivia,YES,2,20,Organization|WebSite|BreadcrumbList|Product,YES,2,INDEXABLE
/puppies/onyx-male-1,200,https://www.pottyregisteredpuppies.com/puppies/onyx-male-1,,"default index,follow",https://www.pottyregisteredpuppies.com/puppies/onyx-male-1,1,Onyx — Pomeranian Puppy | onyx-male-1 | Potty Registered Puppies,"Meet Onyx, a BLACK TAN Pomeranian puppy available to enquire about. 24 weeks old, male. Enquire with Potty Registered Puppies. Listing reference: onyx-male-1.",Onyx,YES,2,20,Organization|WebSite|BreadcrumbList|Product,YES,2,INDEXABLE
/puppies/oreo-male-1,200,https://www.pottyregisteredpuppies.com/puppies/oreo-male-1,,"default index,follow",https://www.pottyregisteredpuppies.com/puppies/oreo-male-1,1,Oreo — Maltipoo Puppy | oreo-male-1 | Potty Registered Puppies,"Meet Oreo, a MERLE Maltipoo puppy available to enquire about. 16 weeks old, male. Enquire with Potty Registered Puppies. Listing reference: oreo-male-1.",Oreo,YES,2,20,Organization|WebSite|BreadcrumbList|Product,YES,2,INDEXABLE
/puppies/oreo-male-2,200,https://www.pottyregisteredpuppies.com/puppies/oreo-male-2,,"default index,follow",https://www.pottyregisteredpuppies.com/puppies/oreo-male-2,1,Oreo — Maltitzu Puppy | oreo-male-2 | Potty Registered Puppies,"Meet Oreo, a BLACK &amp; WHITE Maltitzu puppy available to enquire about. 12 weeks old, male. Enquire with Potty Registered Puppies. Listing reference: oreo-male-2.",Oreo,YES,3,21,Organization|WebSite|BreadcrumbList|Product,YES,2,INDEXABLE
/puppies/oreo-male-3,200,https://www.pottyregisteredpuppies.com/puppies/oreo-male-3,,"default index,follow",https://www.pottyregisteredpuppies.com/puppies/oreo-male-3,1,Oreo — Maltipoo Puppy | oreo-male-3 | Potty Registered Puppies,"Meet Oreo, a MERLE Maltipoo puppy available to enquire about. 12 weeks old, male. Enquire with Potty Registered Puppies. Listing reference: oreo-male-3.",Oreo,YES,5,20,Organization|WebSite|BreadcrumbList|Product,YES,2,INDEXABLE
/puppies/oscar-male-3,200,https://www.pottyregisteredpuppies.com/puppies/oscar-male-3,,"default index,follow",https://www.pottyregisteredpuppies.com/puppies/oscar-male-3,1,Oscar — Pomsky Puppy | oscar-male-3 | Potty Registered Puppies,"Meet Oscar, a BLACK&amp;WHITE Pomsky puppy available to enquire about. 20 weeks old, male. Enquire with Potty Registered Puppies. Listing reference: oscar-male-3.",Oscar,YES,2,20,Organization|WebSite|BreadcrumbList|Product,YES,2,INDEXABLE
/puppies/oscar-male-4,200,https://www.pottyregisteredpuppies.com/puppies/oscar-male-4,,"default index,follow",https://www.pottyregisteredpuppies.com/puppies/oscar-male-4,1,Oscar — Pomeranian Puppy | oscar-male-4 | Potty Registered Puppies,"Meet Oscar, a BLUE MERLE Pomeranian puppy available to enquire about. 12 weeks old, male. Enquire with Potty Registered Puppies. Listing reference: oscar-male-4.",Oscar,YES,2,20,Organization|WebSite|BreadcrumbList|Product,YES,2,INDEXABLE
/puppies/oscar-male-5,200,https://www.pottyregisteredpuppies.com/puppies/oscar-male-5,,"default index,follow",https://www.pottyregisteredpuppies.com/puppies/oscar-male-5,1,Oscar — Pomsky Puppy | oscar-male-5 | Potty Registered Puppies,"Meet Oscar, a BLACK &amp; WHITE Pomsky puppy available to enquire about. 12 weeks old, male. Enquire with Potty Registered Puppies. Listing reference: oscar-male-5.",Oscar,YES,2,20,Organization|WebSite|BreadcrumbList|Product,YES,2,INDEXABLE
/puppies/oscar-male-6,200,https://www.pottyregisteredpuppies.com/puppies/oscar-male-6,,"default index,follow",https://www.pottyregisteredpuppies.com/puppies/oscar-male-6,1,Oscar — Pomsky Puppy | oscar-male-6 | Potty Registered Puppies,"Meet Oscar, a BLACK &amp; WHITE Pomsky puppy available to enquire about. 12 weeks old, male. Enquire with Potty Registered Puppies. Listing reference: oscar-male-6.",Oscar,YES,5,20,Organization|WebSite|BreadcrumbList|Product,YES,2,INDEXABLE
/puppies/oscar-male-7,200,https://www.pottyregisteredpuppies.com/puppies/oscar-male-7,,"default index,follow",https://www.pottyregisteredpuppies.com/puppies/oscar-male-7,1,Oscar — Pomsky Puppy | oscar-male-7 | Potty Registered Puppies,"Meet Oscar, a BLUE &amp; WHITE Pomsky puppy available to enquire about. 12 weeks old, male. Enquire with Potty Registered Puppies. Listing reference: oscar-male-7.",Oscar,YES,2,20,Organization|WebSite|BreadcrumbList|Product,YES,1,INDEXABLE
/puppies/osita-female,200,https://www.pottyregisteredpuppies.com/puppies/osita-female,,"default index,follow",https://www.pottyregisteredpuppies.com/puppies/osita-female,1,Osita — Pomeranian Puppy | osita-female | Potty Registered Puppies,"Meet Osita, a BLUE MERLE Pomeranian puppy available to enquire about. 12 weeks old, female. Enquire with Potty Registered Puppies. Listing reference: osita-female.",Osita,YES,2,20,Organization|WebSite|BreadcrumbList|Product,YES,2,INDEXABLE
/puppies/panda-male-1,200,https://www.pottyregisteredpuppies.com/puppies/panda-male-1,,"default index,follow",https://www.pottyregisteredpuppies.com/puppies/panda-male-1,1,Panda — Maltitzu Puppy | panda-male-1 | Potty Registered Puppies,"Meet Panda, a BLACK &amp; WHITE Maltitzu puppy available to enquire about. 24 weeks old, male. Enquire with Potty Registered Puppies. Listing reference: panda-male-1.",Panda,YES,2,21,Organization|WebSite|BreadcrumbList|Product,YES,2,INDEXABLE
/puppies/pico-male,200,https://www.pottyregisteredpuppies.com/puppies/pico-male,,"default index,follow",https://www.pottyregisteredpuppies.com/puppies/pico-male,1,Pico — Maltipoo Puppy | pico-male | Potty Registered Puppies,"Meet Pico, a SILVER Maltipoo puppy available to enquire about. 12 weeks old, male. Enquire with Potty Registered Puppies. Listing reference: pico-male.",Pico,YES,2,20,Organization|WebSite|BreadcrumbList|Product,YES,2,INDEXABLE
/puppies/piper-male-3,200,https://www.pottyregisteredpuppies.com/puppies/piper-male-3,,"default index,follow",https://www.pottyregisteredpuppies.com/puppies/piper-male-3,1,Piper — Yorkie Puppy | piper-male-3 | Potty Registered Puppies,"Meet Piper, a STEEL BLUE Yorkie puppy available to enquire about. 12 weeks old, male. Enquire with Potty Registered Puppies. Listing reference: piper-male-3.",Piper,YES,2,20,Organization|WebSite|BreadcrumbList|Product,YES,2,INDEXABLE
/puppies/pippa-female,200,https://www.pottyregisteredpuppies.com/puppies/pippa-female,,"default index,follow",https://www.pottyregisteredpuppies.com/puppies/pippa-female,1,Pippa — Dachshund Puppy | pippa-female | Potty Registered Puppies,"Meet Pippa, a PIEBALD Dachshund puppy available to enquire about. 12 weeks old, female. Enquire with Potty Registered Puppies. Listing reference: pippa-female.",Pippa,YES,3,19,Organization|WebSite|BreadcrumbList|Product,YES,2,INDEXABLE
/puppies/pippa-female-2,200,https://www.pottyregisteredpuppies.com/puppies/pippa-female-2,,"default index,follow",https://www.pottyregisteredpuppies.com/puppies/pippa-female-2,1,Pippa — Maltipoo Puppy | pippa-female-2 | Potty Registered Puppies,"Meet Pippa, a BLACK PARTI Maltipoo puppy available to enquire about. 24 weeks old, female. Enquire with Potty Registered Puppies. Listing reference: pippa-female-2.",Pippa,YES,2,20,Organization|WebSite|BreadcrumbList|Product,YES,2,INDEXABLE
/puppies/pommy-male-2,200,https://www.pottyregisteredpuppies.com/puppies/pommy-male-2,,"default index,follow",https://www.pottyregisteredpuppies.com/puppies/pommy-male-2,1,Pommy — Pomeranian Puppy | pommy-male-2 | Potty Registered Puppies,"Meet Pommy, a ORANGE Pomeranian puppy available to enquire about. 16 weeks old, male. Enquire with Potty Registered Puppies. Listing reference: pommy-male-2.",Pommy,YES,2,20,Organization|WebSite|BreadcrumbList|Product,YES,2,INDEXABLE
/puppies/pomy-female-1,200,https://www.pottyregisteredpuppies.com/puppies/pomy-female-1,,"default index,follow",https://www.pottyregisteredpuppies.com/puppies/pomy-female-1,1,Pomy — Pomeranian Puppy | pomy-female-1 | Potty Registered Puppies,"Meet Pomy, a ORANGE Pomeranian puppy available to enquire about. 12 weeks old, female. Enquire with Potty Registered Puppies. Listing reference: pomy-female-1.",Pomy,YES,2,20,Organization|WebSite|BreadcrumbList|Product,YES,2,INDEXABLE
/puppies/poodles,200,https://www.pottyregisteredpuppies.com/puppies/poodles,,"default index,follow",https://www.pottyregisteredpuppies.com/puppies/poodles,1,Oliver &Amp; Jessica — Poodle Puppy | poodles | Potty Registered Puppies,"Meet Oliver &amp;Amp; Jessica, a RED Poodle puppy available to enquire about. 12 weeks old, female. Enquire with Potty Registered Puppies. Listing reference: poodles.",Oliver &Amp; Jessica,YES,2,20,Organization|WebSite|BreadcrumbList|Product,YES,2,INDEXABLE
/puppies/puff-female-2,200,https://www.pottyregisteredpuppies.com/puppies/puff-female-2,,"default index,follow",https://www.pottyregisteredpuppies.com/puppies/puff-female-2,1,Puff — Pomeranian Puppy | puff-female-2 | Potty Registered Puppies,"Meet Puff, a WHITE Pomeranian puppy available to enquire about. 12 weeks old, female. Enquire with Potty Registered Puppies. Listing reference: puff-female-2.",Puff,YES,2,20,Organization|WebSite|BreadcrumbList|Product,YES,2,INDEXABLE
/puppies/puff-female-3,200,https://www.pottyregisteredpuppies.com/puppies/puff-female-3,,"default index,follow",https://www.pottyregisteredpuppies.com/puppies/puff-female-3,1,Puff — Maltipom Puppy | puff-female-3 | Potty Registered Puppies,"Meet Puff, a WHITE Maltipom puppy available to enquire about. 12 weeks old, female. Enquire with Potty Registered Puppies. Listing reference: puff-female-3.",Puff,YES,5,21,Organization|WebSite|BreadcrumbList|Product,YES,2,INDEXABLE
/puppies/puffin-female-2,200,https://www.pottyregisteredpuppies.com/puppies/puffin-female-2,,"default index,follow",https://www.pottyregisteredpuppies.com/puppies/puffin-female-2,1,Puffin — Pomeranian Puppy | puffin-female-2 | Potty Registered Puppies,"Meet Puffin, a WHITE Pomeranian puppy available to enquire about. 12 weeks old, female. Enquire with Potty Registered Puppies. Listing reference: puffin-female-2.",Puffin,YES,2,20,Organization|WebSite|BreadcrumbList|Product,YES,2,INDEXABLE
/puppies/puffin-female-3,200,https://www.pottyregisteredpuppies.com/puppies/puffin-female-3,,"default index,follow",https://www.pottyregisteredpuppies.com/puppies/puffin-female-3,1,Puffin — Pomeranian Puppy | puffin-female-3 | Potty Registered Puppies,"Meet Puffin, a WHITE Pomeranian puppy available to enquire about. 12 weeks old, female. Enquire with Potty Registered Puppies. Listing reference: puffin-female-3.",Puffin,YES,2,20,Organization|WebSite|BreadcrumbList|Product,YES,2,INDEXABLE
/puppies/puffin-female-4,200,https://www.pottyregisteredpuppies.com/puppies/puffin-female-4,,"default index,follow",https://www.pottyregisteredpuppies.com/puppies/puffin-female-4,1,Puffin — Pomeranian Puppy | puffin-female-4 | Potty Registered Puppies,"Meet Puffin, a WHITE Pomeranian puppy available to enquire about. 12 weeks old, female. Enquire with Potty Registered Puppies. Listing reference: puffin-female-4.",Puffin,YES,2,20,Organization|WebSite|BreadcrumbList|Product,YES,2,INDEXABLE
/puppies/reese-male,200,https://www.pottyregisteredpuppies.com/puppies/reese-male,,"default index,follow",https://www.pottyregisteredpuppies.com/puppies/reese-male,1,Cleef — Pomeranian Puppy | reese-male | Potty Registered Puppies,"Meet Cleef, a CHOCOLATE PARTI Pomeranian puppy available to enquire about. 20 weeks old, male. Enquire with Potty Registered Puppies. Listing reference: reese-male.",Cleef,YES,2,20,Organization|WebSite|BreadcrumbList|Product,YES,2,INDEXABLE
/puppies/rex-male,200,https://www.pottyregisteredpuppies.com/puppies/rex-male,,"default index,follow",https://www.pottyregisteredpuppies.com/puppies/rex-male,1,Rex — Pomsky Puppy | rex-male | Potty Registered Puppies,"Meet Rex, a WHITE Pomsky puppy available to enquire about. 12 weeks old, male. Enquire with Potty Registered Puppies. Listing reference: rex-male.",Rex,YES,2,20,Organization|WebSite|BreadcrumbList|Product,YES,2,INDEXABLE
/puppies/rocko-male-2,200,https://www.pottyregisteredpuppies.com/puppies/rocko-male-2,,"default index,follow",https://www.pottyregisteredpuppies.com/puppies/rocko-male-2,1,Rocko — Morkie Puppy | rocko-male-2 | Potty Registered Puppies,"Meet Rocko, a PARTI Morkie puppy available to enquire about. 20 weeks old, male. Enquire with Potty Registered Puppies. Listing reference: rocko-male-2.",Rocko,YES,4,20,Organization|WebSite|BreadcrumbList|Product,YES,2,INDEXABLE
/puppies/rose-female-1,200,https://www.pottyregisteredpuppies.com/puppies/rose-female-1,,"default index,follow",https://www.pottyregisteredpuppies.com/puppies/rose-female-1,1,Rose — Poodle Puppy | rose-female-1 | Potty Registered Puppies,"Meet Rose, a CREAM PARTI Poodle puppy available to enquire about. 12 weeks old, female. Enquire with Potty Registered Puppies. Listing reference: rose-female-1.",Rose,YES,2,20,Organization|WebSite|BreadcrumbList|Product,YES,2,INDEXABLE
/puppies/rose-female-2,200,https://www.pottyregisteredpuppies.com/puppies/rose-female-2,,"default index,follow",https://www.pottyregisteredpuppies.com/puppies/rose-female-2,1,Rose — Poodle Puppy | rose-female-2 | Potty Registered Puppies,"Meet Rose, a CREAM Poodle puppy available to enquire about. 12 weeks old, female. Enquire with Potty Registered Puppies. Listing reference: rose-female-2.",Rose,YES,2,20,Organization|WebSite|BreadcrumbList|Product,YES,2,INDEXABLE
/puppies/rosie-female-2,200,https://www.pottyregisteredpuppies.com/puppies/rosie-female-2,,"default index,follow",https://www.pottyregisteredpuppies.com/puppies/rosie-female-2,1,Rosie — Poodle Puppy | rosie-female-2 | Potty Registered Puppies,"Meet Rosie, a RED Poodle puppy available to enquire about. 16 weeks old, female. Enquire with Potty Registered Puppies. Listing reference: rosie-female-2.",Rosie,YES,2,20,Organization|WebSite|BreadcrumbList|Product,YES,2,INDEXABLE
/puppies/roxy-female-4,200,https://www.pottyregisteredpuppies.com/puppies/roxy-female-4,,"default index,follow",https://www.pottyregisteredpuppies.com/puppies/roxy-female-4,1,Roxy — Pomsky Puppy | roxy-female-4 | Potty Registered Puppies,"Meet Roxy, a BLACK&amp;WHITE Pomsky puppy available to enquire about. 12 weeks old, female. Enquire with Potty Registered Puppies. Listing reference: roxy-female-4.",Roxy,YES,2,20,Organization|WebSite|BreadcrumbList|Product,YES,2,INDEXABLE
/puppies/roxy-female-6,200,https://www.pottyregisteredpuppies.com/puppies/roxy-female-6,,"default index,follow",https://www.pottyregisteredpuppies.com/puppies/roxy-female-6,1,Roxy — Pomsky Puppy | roxy-female-6 | Potty Registered Puppies,"Meet Roxy, a WHITE&amp;BLACK Pomsky puppy available to enquire about. 12 weeks old, female. Enquire with Potty Registered Puppies. Listing reference: roxy-female-6.",Roxy,YES,2,20,Organization|WebSite|BreadcrumbList|Product,YES,2,INDEXABLE
/puppies/roxy-female-7,200,https://www.pottyregisteredpuppies.com/puppies/roxy-female-7,,"default index,follow",https://www.pottyregisteredpuppies.com/puppies/roxy-female-7,1,Roxy — Pomsky Puppy | roxy-female-7 | Potty Registered Puppies,"Meet Roxy, a LILAC Pomsky puppy available to enquire about. 12 weeks old, female. Enquire with Potty Registered Puppies. Listing reference: roxy-female-7.",Roxy,YES,2,20,Organization|WebSite|BreadcrumbList|Product,YES,2,INDEXABLE
/puppies/ryder-male,200,https://www.pottyregisteredpuppies.com/puppies/ryder-male,,"default index,follow",https://www.pottyregisteredpuppies.com/puppies/ryder-male,1,Ryder — Pomsky Puppy | ryder-male | Potty Registered Puppies,"Meet Ryder, a BLACK&amp;WHITE Pomsky puppy available to enquire about. 12 weeks old, male. Enquire with Potty Registered Puppies. Listing reference: ryder-male.",Ryder,YES,2,20,Organization|WebSite|BreadcrumbList|Product,YES,2,INDEXABLE
/puppies/sammy-male,200,https://www.pottyregisteredpuppies.com/puppies/sammy-male,,"default index,follow",https://www.pottyregisteredpuppies.com/puppies/sammy-male,1,Sammy — Maltipoo Puppy | sammy-male | Potty Registered Puppies,"Meet Sammy, a CREAM Maltipoo puppy available to enquire about. 12 weeks old, male. Enquire with Potty Registered Puppies. Listing reference: sammy-male.",Sammy,YES,2,20,Organization|WebSite|BreadcrumbList|Product,YES,2,INDEXABLE
/puppies/sandy-male,200,https://www.pottyregisteredpuppies.com/puppies/sandy-male,,"default index,follow",https://www.pottyregisteredpuppies.com/puppies/sandy-male,1,Sandy — Pomeranian Puppy | sandy-male | Potty Registered Puppies,"Meet Sandy, a CREAM SABLE Pomeranian puppy available to enquire about. 20 weeks old, male. Enquire with Potty Registered Puppies. Listing reference: sandy-male.",Sandy,YES,2,20,Organization|WebSite|BreadcrumbList|Product,YES,2,INDEXABLE
/puppies/scarlet-female-1,200,https://www.pottyregisteredpuppies.com/puppies/scarlet-female-1,,"default index,follow",https://www.pottyregisteredpuppies.com/puppies/scarlet-female-1,1,Scarlet — Poodle Puppy | scarlet-female-1 | Potty Registered Puppies,"Meet Scarlet, a RED Poodle puppy available to enquire about. 12 weeks old, female. Enquire with Potty Registered Puppies. Listing reference: scarlet-female-1.",Scarlet,YES,2,20,Organization|WebSite|BreadcrumbList|Product,YES,2,INDEXABLE
/puppies/scarlet-female-2,200,https://www.pottyregisteredpuppies.com/puppies/scarlet-female-2,,"default index,follow",https://www.pottyregisteredpuppies.com/puppies/scarlet-female-2,1,Scarlet — Pomapoo Puppy | scarlet-female-2 | Potty Registered Puppies,"Meet Scarlet, a MERLE Pomapoo puppy available to enquire about. 12 weeks old, female. Enquire with Potty Registered Puppies. Listing reference: scarlet-female-2.",Scarlet,YES,2,21,Organization|WebSite|BreadcrumbList|Product,YES,2,INDEXABLE
/puppies/selene-female,200,https://www.pottyregisteredpuppies.com/puppies/selene-female,,"default index,follow",https://www.pottyregisteredpuppies.com/puppies/selene-female,1,Selene — Poodle Puppy | selene-female | Potty Registered Puppies,"Meet Selene, a MERLE Poodle puppy available to enquire about. 12 weeks old, female. Enquire with Potty Registered Puppies. Listing reference: selene-female.",Selene,YES,2,20,Organization|WebSite|BreadcrumbList|Product,YES,2,INDEXABLE
/puppies/sienna-female,200,https://www.pottyregisteredpuppies.com/puppies/sienna-female,,"default index,follow",https://www.pottyregisteredpuppies.com/puppies/sienna-female,1,Sienna — Poodle Puppy | sienna-female | Potty Registered Puppies,"Meet Sienna, a RED Poodle puppy available to enquire about. 12 weeks old, female. Enquire with Potty Registered Puppies. Listing reference: sienna-female.",Sienna,YES,2,20,Organization|WebSite|BreadcrumbList|Product,YES,2,INDEXABLE
/puppies/sienna-female-1,200,https://www.pottyregisteredpuppies.com/puppies/sienna-female-1,,"default index,follow",https://www.pottyregisteredpuppies.com/puppies/sienna-female-1,1,Sienna — Poodle Puppy | sienna-female-1 | Potty Registered Puppies,"Meet Sienna, a RED Poodle puppy available to enquire about. 12 weeks old, female. Enquire with Potty Registered Puppies. Listing reference: sienna-female-1.",Sienna,YES,2,20,Organization|WebSite|BreadcrumbList|Product,YES,2,INDEXABLE
/puppies/sienna-female-2,200,https://www.pottyregisteredpuppies.com/puppies/sienna-female-2,,"default index,follow",https://www.pottyregisteredpuppies.com/puppies/sienna-female-2,1,Sienna — Poodle Puppy | sienna-female-2 | Potty Registered Puppies,"Meet Sienna, a RED Poodle puppy available to enquire about. 12 weeks old, female. Enquire with Potty Registered Puppies. Listing reference: sienna-female-2.",Sienna,YES,2,20,Organization|WebSite|BreadcrumbList|Product,YES,2,INDEXABLE
/puppies/sienna-female-3,200,https://www.pottyregisteredpuppies.com/puppies/sienna-female-3,,"default index,follow",https://www.pottyregisteredpuppies.com/puppies/sienna-female-3,1,Sienna — Poodle Puppy | sienna-female-3 | Potty Registered Puppies,"Meet Sienna, a RED Poodle puppy available to enquire about. 12 weeks old, female. Enquire with Potty Registered Puppies. Listing reference: sienna-female-3.",Sienna,YES,2,20,Organization|WebSite|BreadcrumbList|Product,YES,2,INDEXABLE
/puppies/sienna-female-4,200,https://www.pottyregisteredpuppies.com/puppies/sienna-female-4,,"default index,follow",https://www.pottyregisteredpuppies.com/puppies/sienna-female-4,1,Sienna — Poodle Puppy | sienna-female-4 | Potty Registered Puppies,"Meet Sienna, a APRICOT Poodle puppy available to enquire about. 12 weeks old, female. Enquire with Potty Registered Puppies. Listing reference: sienna-female-4.",Sienna,YES,2,20,Organization|WebSite|BreadcrumbList|Product,YES,2,INDEXABLE
/puppies/sienna-female-5,200,https://www.pottyregisteredpuppies.com/puppies/sienna-female-5,,"default index,follow",https://www.pottyregisteredpuppies.com/puppies/sienna-female-5,1,Sienna — Poodle Puppy | sienna-female-5 | Potty Registered Puppies,"Meet Sienna, a RED Poodle puppy available to enquire about. 12 weeks old, female. Enquire with Potty Registered Puppies. Listing reference: sienna-female-5.",Sienna,YES,2,20,Organization|WebSite|BreadcrumbList|Product,YES,2,INDEXABLE
/puppies/sienna-female-6,200,https://www.pottyregisteredpuppies.com/puppies/sienna-female-6,,"default index,follow",https://www.pottyregisteredpuppies.com/puppies/sienna-female-6,1,Sienna — Poodle Puppy | sienna-female-6 | Potty Registered Puppies,"Meet Sienna, a RED Poodle puppy available to enquire about. 12 weeks old, female. Enquire with Potty Registered Puppies. Listing reference: sienna-female-6.",Sienna,YES,2,20,Organization|WebSite|BreadcrumbList|Product,YES,2,INDEXABLE
/puppies/sienna-female-7,200,https://www.pottyregisteredpuppies.com/puppies/sienna-female-7,,"default index,follow",https://www.pottyregisteredpuppies.com/puppies/sienna-female-7,1,Sienna — Poodle Puppy | sienna-female-7 | Potty Registered Puppies,"Meet Sienna, a APRICOT Poodle puppy available to enquire about. 12 weeks old, female. Enquire with Potty Registered Puppies. Listing reference: sienna-female-7.",Sienna,YES,2,20,Organization|WebSite|BreadcrumbList|Product,YES,2,INDEXABLE
/puppies/simon-male-4,200,https://www.pottyregisteredpuppies.com/puppies/simon-male-4,,"default index,follow",https://www.pottyregisteredpuppies.com/puppies/simon-male-4,1,Simon — Poodle Puppy | simon-male-4 | Potty Registered Puppies,"Meet Simon, a BLUE Poodle puppy available to enquire about. 12 weeks old, male. Enquire with Potty Registered Puppies. Listing reference: simon-male-4.",Simon,YES,2,20,Organization|WebSite|BreadcrumbList|Product,YES,2,INDEXABLE
/puppies/skylar-female-2,200,https://www.pottyregisteredpuppies.com/puppies/skylar-female-2,,"default index,follow",https://www.pottyregisteredpuppies.com/puppies/skylar-female-2,1,Skylar — Maltese Puppy | skylar-female-2 | Potty Registered Puppies,"Meet Skylar, a WHITE Maltese puppy available to enquire about. 12 weeks old, female. Enquire with Potty Registered Puppies. Listing reference: skylar-female-2.",Skylar,YES,4,20,Organization|WebSite|BreadcrumbList|Product,YES,2,INDEXABLE
/puppies/snow-male,200,https://www.pottyregisteredpuppies.com/puppies/snow-male,,"default index,follow",https://www.pottyregisteredpuppies.com/puppies/snow-male,1,Marshy — Pomeranian Puppy | snow-male | Potty Registered Puppies,"Meet Marshy, a WHITE Pomeranian puppy available to enquire about. 12 weeks old, male. Enquire with Potty Registered Puppies. Listing reference: snow-male.",Marshy,YES,2,20,Organization|WebSite|BreadcrumbList|Product,YES,2,INDEXABLE
/puppies/snowy-female,200,https://www.pottyregisteredpuppies.com/puppies/snowy-female,,"default index,follow",https://www.pottyregisteredpuppies.com/puppies/snowy-female,1,Snowy — Coton De Tulear Puppy | snowy-female | Potty Registered Puppies,"Meet Snowy, a WHITE Coton De Tulear puppy available to enquire about. 12 weeks old, male. Enquire with Potty Registered Puppies. Listing reference: snowy-female.",Snowy,YES,2,20,Organization|WebSite|BreadcrumbList|Product,YES,2,INDEXABLE
/puppies/snowy-male,200,https://www.pottyregisteredpuppies.com/puppies/snowy-male,,"default index,follow",https://www.pottyregisteredpuppies.com/puppies/snowy-male,1,Snowy — Pomeranian Puppy | snowy-male | Potty Registered Puppies,"Meet Snowy, a WHITE Pomeranian puppy available to enquire about. 12 weeks old, male. Enquire with Potty Registered Puppies. Listing reference: snowy-male.",Snowy,YES,2,20,Organization|WebSite|BreadcrumbList|Product,YES,2,INDEXABLE
/puppies/som-female,200,https://www.pottyregisteredpuppies.com/puppies/som-female,,"default index,follow",https://www.pottyregisteredpuppies.com/puppies/som-female,1,Som — Pomeranian Puppy | som-female | Potty Registered Puppies,"Meet Som, a WHITE Pomeranian puppy available to enquire about. 12 weeks old, female. Enquire with Potty Registered Puppies. Listing reference: som-female.",Som,YES,2,20,Organization|WebSite|BreadcrumbList|Product,YES,2,INDEXABLE
/puppies/stella-female-2,200,https://www.pottyregisteredpuppies.com/puppies/stella-female-2,,"default index,follow",https://www.pottyregisteredpuppies.com/puppies/stella-female-2,1,Stella — Yorkie Puppy | stella-female-2 | Potty Registered Puppies,"Meet Stella, a STEEL BLUE Yorkie puppy available to enquire about. 12 weeks old, female. Enquire with Potty Registered Puppies. Listing reference: stella-female-2.",Stella,YES,2,20,Organization|WebSite|BreadcrumbList|Product,YES,2,INDEXABLE
/puppies/stella-female-3,200,https://www.pottyregisteredpuppies.com/puppies/stella-female-3,,"default index,follow",https://www.pottyregisteredpuppies.com/puppies/stella-female-3,1,Stella — Yorkie Puppy | stella-female-3 | Potty Registered Puppies,"Meet Stella, a STEEL BLUE Yorkie puppy available to enquire about. 12 weeks old, female. Enquire with Potty Registered Puppies. Listing reference: stella-female-3.",Stella,YES,2,20,Organization|WebSite|BreadcrumbList|Product,YES,2,INDEXABLE
/puppies/stella-female-4,200,https://www.pottyregisteredpuppies.com/puppies/stella-female-4,,"default index,follow",https://www.pottyregisteredpuppies.com/puppies/stella-female-4,1,Stella — Yorkie Puppy | stella-female-4 | Potty Registered Puppies,"Meet Stella, a STEEL BLUE Yorkie puppy available to enquire about. 12 weeks old, female. Enquire with Potty Registered Puppies. Listing reference: stella-female-4.",Stella,YES,2,20,Organization|WebSite|BreadcrumbList|Product,YES,2,INDEXABLE
/puppies/stella-female-5,200,https://www.pottyregisteredpuppies.com/puppies/stella-female-5,,"default index,follow",https://www.pottyregisteredpuppies.com/puppies/stella-female-5,1,Stella — Maltipoo Puppy | stella-female-5 | Potty Registered Puppies,"Meet Stella, a SILVER PARTI Maltipoo puppy available to enquire about. 12 weeks old, female. Enquire with Potty Registered Puppies. Listing reference: stella-female-5.",Stella,YES,2,20,Organization|WebSite|BreadcrumbList|Product,YES,2,INDEXABLE
/puppies/stella-female-6,200,https://www.pottyregisteredpuppies.com/puppies/stella-female-6,,"default index,follow",https://www.pottyregisteredpuppies.com/puppies/stella-female-6,1,Stella — Poodle Puppy | stella-female-6 | Potty Registered Puppies,"Meet Stella, a RED Poodle puppy available to enquire about. 12 weeks old, female. Enquire with Potty Registered Puppies. Listing reference: stella-female-6.",Stella,YES,2,20,Organization|WebSite|BreadcrumbList|Product,YES,2,INDEXABLE
/puppies/stella-female-7,200,https://www.pottyregisteredpuppies.com/puppies/stella-female-7,,"default index,follow",https://www.pottyregisteredpuppies.com/puppies/stella-female-7,1,Stella — Yorkie Puppy | stella-female-7 | Potty Registered Puppies,"Meet Stella, a STEEL BLUE Yorkie puppy available to enquire about. 16 weeks old, female. Enquire with Potty Registered Puppies. Listing reference: stella-female-7.",Stella,YES,5,20,Organization|WebSite|BreadcrumbList|Product,YES,2,INDEXABLE
/puppies/sterling-male-1,200,https://www.pottyregisteredpuppies.com/puppies/sterling-male-1,,"default index,follow",https://www.pottyregisteredpuppies.com/puppies/sterling-male-1,1,Sterling — Maltipoo Puppy | sterling-male-1 | Potty Registered Puppies,"Meet Sterling, a BLUE MERLE Maltipoo puppy available to enquire about. 12 weeks old, male. Enquire with Potty Registered Puppies. Listing reference: sterling-male-1.",Sterling,YES,2,20,Organization|WebSite|BreadcrumbList|Product,YES,2,INDEXABLE
/puppies/suki-female,200,https://www.pottyregisteredpuppies.com/puppies/suki-female,,"default index,follow",https://www.pottyregisteredpuppies.com/puppies/suki-female,1,Suki — Pomeranian Puppy | suki-female | Potty Registered Puppies,"Meet Suki, a BLUE MERLE Pomeranian puppy available to enquire about. 12 weeks old, female. Enquire with Potty Registered Puppies. Listing reference: suki-female.",Suki,YES,2,20,Organization|WebSite|BreadcrumbList|Product,YES,2,INDEXABLE
/puppies/sylvie-female,200,https://www.pottyregisteredpuppies.com/puppies/sylvie-female,,"default index,follow",https://www.pottyregisteredpuppies.com/puppies/sylvie-female,1,Sylvie — Poodle Puppy | sylvie-female | Potty Registered Puppies,"Meet Sylvie, a SILVER Poodle puppy available to enquire about. 32 weeks old, female. Enquire with Potty Registered Puppies. Listing reference: sylvie-female.",Sylvie,YES,2,20,Organization|WebSite|BreadcrumbList|Product,YES,2,INDEXABLE
/puppies/taffy-female,200,https://www.pottyregisteredpuppies.com/puppies/taffy-female,,"default index,follow",https://www.pottyregisteredpuppies.com/puppies/taffy-female,1,Taffy — Coton De Tulear Puppy | taffy-female | Potty Registered Puppies,"Meet Taffy, a PARTI Coton De Tulear puppy available to enquire about. 12 weeks old, female. Enquire with Potty Registered Puppies. Listing reference: taffy-female.",Taffy,YES,2,20,Organization|WebSite|BreadcrumbList|Product,YES,2,INDEXABLE
/puppies/taffy-female-1,200,https://www.pottyregisteredpuppies.com/puppies/taffy-female-1,,"default index,follow",https://www.pottyregisteredpuppies.com/puppies/taffy-female-1,1,Taffy — Coton De Tulear Puppy | taffy-female-1 | Potty Registered Puppies,"Meet Taffy, a PARTI Coton De Tulear puppy available to enquire about. 12 weeks old, female. Enquire with Potty Registered Puppies. Listing reference: taffy-female-1.",Taffy,YES,2,20,Organization|WebSite|BreadcrumbList|Product,YES,2,INDEXABLE
/puppies/taylor-male-1,200,https://www.pottyregisteredpuppies.com/puppies/taylor-male-1,,"default index,follow",https://www.pottyregisteredpuppies.com/puppies/taylor-male-1,1,Taylor — Pomeranian Puppy | taylor-male-1 | Potty Registered Puppies,"Meet Taylor, a WHITE Pomeranian puppy available to enquire about. 12 weeks old, male. Enquire with Potty Registered Puppies. Listing reference: taylor-male-1.",Taylor,YES,2,20,Organization|WebSite|BreadcrumbList|Product,YES,2,INDEXABLE
/puppies/taylor-male-2,200,https://www.pottyregisteredpuppies.com/puppies/taylor-male-2,,"default index,follow",https://www.pottyregisteredpuppies.com/puppies/taylor-male-2,1,Taylor — Pomeranian Puppy | taylor-male-2 | Potty Registered Puppies,"Meet Taylor, a WHITE Pomeranian puppy available to enquire about. 12 weeks old, male. Enquire with Potty Registered Puppies. Listing reference: taylor-male-2.",Taylor,YES,2,20,Organization|WebSite|BreadcrumbList|Product,YES,2,INDEXABLE
/puppies/teddy-female,200,https://www.pottyregisteredpuppies.com/puppies/teddy-female,,"default index,follow",https://www.pottyregisteredpuppies.com/puppies/teddy-female,1,Bella — Biewer Terrier Puppy | teddy-female | Potty Registered Puppies,"Meet Bella, a BLACK WHITE GOLD Biewer Terrier puppy available to enquire about. 12 weeks old, female. Enquire with Potty Registered Puppies. Listing reference: teddy-female.",Bella,YES,5,21,Organization|WebSite|BreadcrumbList|Product,YES,2,INDEXABLE
/puppies/teddy-female-5,200,https://www.pottyregisteredpuppies.com/puppies/teddy-female-5,,"default index,follow",https://www.pottyregisteredpuppies.com/puppies/teddy-female-5,1,Teddy — Pomeranian Puppy | teddy-female-5 | Potty Registered Puppies,"Meet Teddy, a WHITE Pomeranian puppy available to enquire about. 12 weeks old, female. Enquire with Potty Registered Puppies. Listing reference: teddy-female-5.",Teddy,YES,2,20,Organization|WebSite|BreadcrumbList|Product,YES,2,INDEXABLE
/puppies/teddy-male-3,200,https://www.pottyregisteredpuppies.com/puppies/teddy-male-3,,"default index,follow",https://www.pottyregisteredpuppies.com/puppies/teddy-male-3,1,Teddy — Biewer Terrier Puppy | teddy-male-3 | Potty Registered Puppies,"Meet Teddy, a BLACK WHITE GOLD Biewer Terrier puppy available to enquire about. 12 weeks old, male. Enquire with Potty Registered Puppies. Listing reference: teddy-male-3.",Teddy,YES,2,21,Organization|WebSite|BreadcrumbList|Product,YES,2,INDEXABLE
/puppies/teddy-male-4,200,https://www.pottyregisteredpuppies.com/puppies/teddy-male-4,,"default index,follow",https://www.pottyregisteredpuppies.com/puppies/teddy-male-4,1,Teddy — Coton De Tulear Puppy | teddy-male-4 | Potty Registered Puppies,"Meet Teddy, a WHITE Coton De Tulear puppy available to enquire about. 12 weeks old, male. Enquire with Potty Registered Puppies. Listing reference: teddy-male-4.",Teddy,YES,4,20,Organization|WebSite|BreadcrumbList|Product,YES,2,INDEXABLE
/puppies/teddy-male-5,200,https://www.pottyregisteredpuppies.com/puppies/teddy-male-5,,"default index,follow",https://www.pottyregisteredpuppies.com/puppies/teddy-male-5,1,Teddy — Coton De Tulear Puppy | teddy-male-5 | Potty Registered Puppies,"Meet Teddy, a WHITE Coton De Tulear puppy available to enquire about. 12 weeks old, male. Enquire with Potty Registered Puppies. Listing reference: teddy-male-5.",Teddy,YES,2,20,Organization|WebSite|BreadcrumbList|Product,YES,2,INDEXABLE
/puppies/theo-male-1,200,https://www.pottyregisteredpuppies.com/puppies/theo-male-1,,"default index,follow",https://www.pottyregisteredpuppies.com/puppies/theo-male-1,1,Theo — Pomeranian Puppy | theo-male-1 | Potty Registered Puppies,"Meet Theo, a BLUE MERLE Pomeranian puppy available to enquire about. 12 weeks old, male. Enquire with Potty Registered Puppies. Listing reference: theo-male-1.",Theo,YES,2,20,Organization|WebSite|BreadcrumbList|Product,YES,2,INDEXABLE
/puppies/theo-male-2,200,https://www.pottyregisteredpuppies.com/puppies/theo-male-2,,"default index,follow",https://www.pottyregisteredpuppies.com/puppies/theo-male-2,1,Theo — Coton De Tulear Puppy | theo-male-2 | Potty Registered Puppies,"Meet Theo, a WHITE Coton De Tulear puppy available to enquire about. 12 weeks old, male. Enquire with Potty Registered Puppies. Listing reference: theo-male-2.",Theo,YES,2,20,Organization|WebSite|BreadcrumbList|Product,YES,2,INDEXABLE
/puppies/theo-male-3,200,https://www.pottyregisteredpuppies.com/puppies/theo-male-3,,"default index,follow",https://www.pottyregisteredpuppies.com/puppies/theo-male-3,1,Theo — Pomeranian Puppy | theo-male-3 | Potty Registered Puppies,"Meet Theo, a PARTI Pomeranian puppy available to enquire about. 12 weeks old, male. Enquire with Potty Registered Puppies. Listing reference: theo-male-3.",Theo,YES,2,20,Organization|WebSite|BreadcrumbList|Product,YES,2,INDEXABLE
/puppies/theo-male-4,200,https://www.pottyregisteredpuppies.com/puppies/theo-male-4,,"default index,follow",https://www.pottyregisteredpuppies.com/puppies/theo-male-4,1,Theo — Pomeranian Puppy | theo-male-4 | Potty Registered Puppies,"Meet Theo, a BLUE MERLE Pomeranian puppy available to enquire about. 12 weeks old, male. Enquire with Potty Registered Puppies. Listing reference: theo-male-4.",Theo,YES,3,20,Organization|WebSite|BreadcrumbList|Product,YES,1,INDEXABLE
/puppies/thor-male-2,200,https://www.pottyregisteredpuppies.com/puppies/thor-male-2,,"default index,follow",https://www.pottyregisteredpuppies.com/puppies/thor-male-2,1,Thor — Pomeranian Puppy | thor-male-2 | Potty Registered Puppies,"Meet Thor, a BLUE MERLE Pomeranian puppy available to enquire about. 12 weeks old, male. Enquire with Potty Registered Puppies. Listing reference: thor-male-2.",Thor,YES,2,20,Organization|WebSite|BreadcrumbList|Product,YES,2,INDEXABLE
/puppies/thor-male-3,200,https://www.pottyregisteredpuppies.com/puppies/thor-male-3,,"default index,follow",https://www.pottyregisteredpuppies.com/puppies/thor-male-3,1,Thor — Pomeranian Puppy | thor-male-3 | Potty Registered Puppies,"Meet Thor, a PARTI Pomeranian puppy available to enquire about. 12 weeks old, male. Enquire with Potty Registered Puppies. Listing reference: thor-male-3.",Thor,YES,5,20,Organization|WebSite|BreadcrumbList|Product,YES,2,INDEXABLE
/puppies/tippy-female-3,200,https://www.pottyregisteredpuppies.com/puppies/tippy-female-3,,"default index,follow",https://www.pottyregisteredpuppies.com/puppies/tippy-female-3,1,Tippy — Poodle Puppy | tippy-female-3 | Potty Registered Puppies,"Meet Tippy, a APRICOT Poodle puppy available to enquire about. 12 weeks old, female. Enquire with Potty Registered Puppies. Listing reference: tippy-female-3.",Tippy,YES,2,20,Organization|WebSite|BreadcrumbList|Product,YES,2,INDEXABLE
/puppies/toby-male-10,200,https://www.pottyregisteredpuppies.com/puppies/toby-male-10,,"default index,follow",https://www.pottyregisteredpuppies.com/puppies/toby-male-10,1,Toby — Poodle Puppy | toby-male-10 | Potty Registered Puppies,"Meet Toby, a PARTI Poodle puppy available to enquire about. 12 weeks old, male. Enquire with Potty Registered Puppies. Listing reference: toby-male-10.",Toby,YES,2,20,Organization|WebSite|BreadcrumbList|Product,YES,2,INDEXABLE
/puppies/toby-male-11,200,https://www.pottyregisteredpuppies.com/puppies/toby-male-11,,"default index,follow",https://www.pottyregisteredpuppies.com/puppies/toby-male-11,1,Toby — Maltese Puppy | toby-male-11 | Potty Registered Puppies,"Meet Toby, a WHITE Maltese puppy available to enquire about. 20 weeks old, male. Enquire with Potty Registered Puppies. Listing reference: toby-male-11.",Toby,YES,3,20,Organization|WebSite|BreadcrumbList|Product,YES,2,INDEXABLE
/puppies/toby-male-12,200,https://www.pottyregisteredpuppies.com/puppies/toby-male-12,,"default index,follow",https://www.pottyregisteredpuppies.com/puppies/toby-male-12,1,Toby — Mauzer Puppy | toby-male-12 | Potty Registered Puppies,"Meet Toby, a SALT &amp; PEPPER Mauzer puppy available to enquire about. 12 weeks old, male. Enquire with Potty Registered Puppies. Listing reference: toby-male-12.",Toby,YES,2,21,Organization|WebSite|BreadcrumbList|Product,YES,2,INDEXABLE
/puppies/toby-male-5,200,https://www.pottyregisteredpuppies.com/puppies/toby-male-5,,"default index,follow",https://www.pottyregisteredpuppies.com/puppies/toby-male-5,1,Toby — Bichon Frise Puppy | toby-male-5 | Potty Registered Puppies,"Meet Toby, a WHITE Bichon Frise puppy available to enquire about. 12 weeks old, male. Enquire with Potty Registered Puppies. Listing reference: toby-male-5.",Toby,YES,4,20,Organization|WebSite|BreadcrumbList|Product,YES,2,INDEXABLE
/puppies/toby-male-6,200,https://www.pottyregisteredpuppies.com/puppies/toby-male-6,,"default index,follow",https://www.pottyregisteredpuppies.com/puppies/toby-male-6,1,Toby — Maltitzu Puppy | toby-male-6 | Potty Registered Puppies,"Meet Toby, a BROWN &amp; WHITE Maltitzu puppy available to enquire about. 16 weeks old, male. Enquire with Potty Registered Puppies. Listing reference: toby-male-6.",Toby,YES,4,21,Organization|WebSite|BreadcrumbList|Product,YES,2,INDEXABLE
/puppies/toby-male-7,200,https://www.pottyregisteredpuppies.com/puppies/toby-male-7,,"default index,follow",https://www.pottyregisteredpuppies.com/puppies/toby-male-7,1,Toby — Maltese Puppy | toby-male-7 | Potty Registered Puppies,"Meet Toby, a WHITE Maltese puppy available to enquire about. 12 weeks old, male. Enquire with Potty Registered Puppies. Listing reference: toby-male-7.",Toby,YES,2,20,Organization|WebSite|BreadcrumbList|Product,YES,2,INDEXABLE
/puppies/toby-male-8,200,https://www.pottyregisteredpuppies.com/puppies/toby-male-8,,"default index,follow",https://www.pottyregisteredpuppies.com/puppies/toby-male-8,1,Toby — Poodle Puppy | toby-male-8 | Potty Registered Puppies,"Meet Toby, a PARTI Poodle puppy available to enquire about. 12 weeks old, male. Enquire with Potty Registered Puppies. Listing reference: toby-male-8.",Toby,YES,2,20,Organization|WebSite|BreadcrumbList|Product,YES,2,INDEXABLE
/puppies/toby-male-9,200,https://www.pottyregisteredpuppies.com/puppies/toby-male-9,,"default index,follow",https://www.pottyregisteredpuppies.com/puppies/toby-male-9,1,Toby — Poodle Puppy | toby-male-9 | Potty Registered Puppies,"Meet Toby, a CREAM Poodle puppy available to enquire about. 12 weeks old, male. Enquire with Potty Registered Puppies. Listing reference: toby-male-9.",Toby,YES,2,20,Organization|WebSite|BreadcrumbList|Product,YES,2,INDEXABLE
/puppies/toby-male-copy,200,https://www.pottyregisteredpuppies.com/puppies/toby-male-copy,,"default index,follow",https://www.pottyregisteredpuppies.com/puppies/toby-male-copy,1,Toby — Shih Zhu Puppy | toby-male-copy | Potty Registered Puppies,"Meet Toby, a BROWN WHITE Shih Zhu puppy available to enquire about. 16 weeks old, male. Enquire with Potty Registered Puppies. Listing reference: toby-male-copy.",Toby,YES,2,21,Organization|WebSite|BreadcrumbList|Product,YES,2,INDEXABLE
/puppies/toffee-male,200,https://www.pottyregisteredpuppies.com/puppies/toffee-male,,"default index,follow",https://www.pottyregisteredpuppies.com/puppies/toffee-male,1,Toffee — Poodle Puppy | toffee-male | Potty Registered Puppies,"Meet Toffee, a CAFE AU LAIT Poodle puppy available to enquire about. 12 weeks old, male. Enquire with Potty Registered Puppies. Listing reference: toffee-male.",Toffee,YES,2,20,Organization|WebSite|BreadcrumbList|Product,YES,2,INDEXABLE
/puppies/toffee-male-1,200,https://www.pottyregisteredpuppies.com/puppies/toffee-male-1,,"default index,follow",https://www.pottyregisteredpuppies.com/puppies/toffee-male-1,1,Latte — Poodle Puppy | toffee-male-1 | Potty Registered Puppies,"Meet Latte, a CAFE AU LAIT Poodle puppy available to enquire about. 12 weeks old, male. Enquire with Potty Registered Puppies. Listing reference: toffee-male-1.",Latte,YES,2,20,Organization|WebSite|BreadcrumbList|Product,YES,1,INDEXABLE
/puppies/tory-male-1,200,https://www.pottyregisteredpuppies.com/puppies/tory-male-1,,"default index,follow",https://www.pottyregisteredpuppies.com/puppies/tory-male-1,1,Tory — Poodle Puppy | tory-male-1 | Potty Registered Puppies,"Meet Tory, a RED Poodle puppy available to enquire about. 12 weeks old, male. Enquire with Potty Registered Puppies. Listing reference: tory-male-1.",Tory,YES,2,20,Organization|WebSite|BreadcrumbList|Product,YES,2,INDEXABLE
/puppies/toto-male-1,200,https://www.pottyregisteredpuppies.com/puppies/toto-male-1,,"default index,follow",https://www.pottyregisteredpuppies.com/puppies/toto-male-1,1,Toto — Yorkie Puppy | toto-male-1 | Potty Registered Puppies,"Meet Toto, a STEEL BLUE Yorkie puppy available to enquire about. 12 weeks old, male. Enquire with Potty Registered Puppies. Listing reference: toto-male-1.",Toto,YES,2,20,Organization|WebSite|BreadcrumbList|Product,YES,2,INDEXABLE
/puppies/toto-male-2,200,https://www.pottyregisteredpuppies.com/puppies/toto-male-2,,"default index,follow",https://www.pottyregisteredpuppies.com/puppies/toto-male-2,1,Toto — Maltese Puppy | toto-male-2 | Potty Registered Puppies,"Meet Toto, a WHITE Maltese puppy available to enquire about. 20 weeks old, male. Enquire with Potty Registered Puppies. Listing reference: toto-male-2.",Toto,YES,2,20,Organization|WebSite|BreadcrumbList|Product,YES,2,INDEXABLE
/puppies/toto-male-3,200,https://www.pottyregisteredpuppies.com/puppies/toto-male-3,,"default index,follow",https://www.pottyregisteredpuppies.com/puppies/toto-male-3,1,Toto — Yorkie Puppy | toto-male-3 | Potty Registered Puppies,"Meet Toto, a GOLD Yorkie puppy available to enquire about. 16 weeks old, male. Enquire with Potty Registered Puppies. Listing reference: toto-male-3.",Toto,YES,4,20,Organization|WebSite|BreadcrumbList|Product,YES,2,INDEXABLE
/puppies/trixie-female,200,https://www.pottyregisteredpuppies.com/puppies/trixie-female,,"default index,follow",https://www.pottyregisteredpuppies.com/puppies/trixie-female,1,Trixie — Doodle Puppy | trixie-female | Potty Registered Puppies,"Meet Trixie, a BLUE MERLE Doodle puppy available to enquire about. 12 weeks old, female. Enquire with Potty Registered Puppies. Listing reference: trixie-female.",Trixie,YES,4,21,Organization|WebSite|BreadcrumbList|Product,YES,2,INDEXABLE
/puppies/valentina-female-1,200,https://www.pottyregisteredpuppies.com/puppies/valentina-female-1,,"default index,follow",https://www.pottyregisteredpuppies.com/puppies/valentina-female-1,1,Valentina — Maltese Puppy | valentina-female-1 | Potty Registered Puppies,"Meet Valentina, a WHITE Maltese puppy available to enquire about. 20 weeks old, female. Enquire with Potty Registered Puppies. Listing reference: valentina-female-1.",Valentina,YES,2,20,Organization|WebSite|BreadcrumbList|Product,YES,2,INDEXABLE
/puppies/valentina-female-2,200,https://www.pottyregisteredpuppies.com/puppies/valentina-female-2,,"default index,follow",https://www.pottyregisteredpuppies.com/puppies/valentina-female-2,1,Valentina — Maltese Puppy | valentina-female-2 | Potty Registered Puppies,"Meet Valentina, a WHITE Maltese puppy available to enquire about. 12 weeks old, female. Enquire with Potty Registered Puppies. Listing reference: valentina-female-2.",Valentina,YES,2,20,Organization|WebSite|BreadcrumbList|Product,YES,2,INDEXABLE
/puppies/valentina-female-3,200,https://www.pottyregisteredpuppies.com/puppies/valentina-female-3,,"default index,follow",https://www.pottyregisteredpuppies.com/puppies/valentina-female-3,1,Valentina — Maltese Puppy | valentina-female-3 | Potty Registered Puppies,"Meet Valentina, a WHITE Maltese puppy available to enquire about. 12 weeks old, female. Enquire with Potty Registered Puppies. Listing reference: valentina-female-3.",Valentina,YES,2,20,Organization|WebSite|BreadcrumbList|Product,YES,2,INDEXABLE
/puppies/valentina-female-4,200,https://www.pottyregisteredpuppies.com/puppies/valentina-female-4,,"default index,follow",https://www.pottyregisteredpuppies.com/puppies/valentina-female-4,1,Valentina — Maltese Puppy | valentina-female-4 | Potty Registered Puppies,"Meet Valentina, a WHITE Maltese puppy available to enquire about. 20 weeks old, female. Enquire with Potty Registered Puppies. Listing reference: valentina-female-4.",Valentina,YES,2,20,Organization|WebSite|BreadcrumbList|Product,YES,2,INDEXABLE
/puppies/velvet-female-2,200,https://www.pottyregisteredpuppies.com/puppies/velvet-female-2,,"default index,follow",https://www.pottyregisteredpuppies.com/puppies/velvet-female-2,1,Velvet — Poodle Puppy | velvet-female-2 | Potty Registered Puppies,"Meet Velvet, a RED Poodle puppy available to enquire about. 12 weeks old, female. Enquire with Potty Registered Puppies. Listing reference: velvet-female-2.",Velvet,YES,2,20,Organization|WebSite|BreadcrumbList|Product,YES,2,INDEXABLE
/puppies/velvet-female-3,200,https://www.pottyregisteredpuppies.com/puppies/velvet-female-3,,"default index,follow",https://www.pottyregisteredpuppies.com/puppies/velvet-female-3,1,Velvet — Poodle Puppy | velvet-female-3 | Potty Registered Puppies,"Meet Velvet, a RED Poodle puppy available to enquire about. 12 weeks old, female. Enquire with Potty Registered Puppies. Listing reference: velvet-female-3.",Velvet,YES,2,20,Organization|WebSite|BreadcrumbList|Product,YES,2,INDEXABLE
/puppies/velvet-female-4,200,https://www.pottyregisteredpuppies.com/puppies/velvet-female-4,,"default index,follow",https://www.pottyregisteredpuppies.com/puppies/velvet-female-4,1,Velvet — Poodle Puppy | velvet-female-4 | Potty Registered Puppies,"Meet Velvet, a RED Poodle puppy available to enquire about. 12 weeks old, female. Enquire with Potty Registered Puppies. Listing reference: velvet-female-4.",Velvet,YES,2,20,Organization|WebSite|BreadcrumbList|Product,YES,2,INDEXABLE
/puppies/velvet-female-5,200,https://www.pottyregisteredpuppies.com/puppies/velvet-female-5,,"default index,follow",https://www.pottyregisteredpuppies.com/puppies/velvet-female-5,1,Velvet — Poodle Puppy | velvet-female-5 | Potty Registered Puppies,"Meet Velvet, a RED Poodle puppy available to enquire about. 12 weeks old, female. Enquire with Potty Registered Puppies. Listing reference: velvet-female-5.",Velvet,YES,2,20,Organization|WebSite|BreadcrumbList|Product,YES,2,INDEXABLE
/puppies/velvet-female-6,200,https://www.pottyregisteredpuppies.com/puppies/velvet-female-6,,"default index,follow",https://www.pottyregisteredpuppies.com/puppies/velvet-female-6,1,Sienna — Poodle Puppy | velvet-female-6 | Potty Registered Puppies,"Meet Sienna, a APRICOT Poodle puppy available to enquire about. 12 weeks old, female. Enquire with Potty Registered Puppies. Listing reference: velvet-female-6.",Sienna,YES,2,20,Organization|WebSite|BreadcrumbList|Product,YES,2,INDEXABLE
/puppies/velvet-female-7,200,https://www.pottyregisteredpuppies.com/puppies/velvet-female-7,,"default index,follow",https://www.pottyregisteredpuppies.com/puppies/velvet-female-7,1,Velvet — Poodle Puppy | velvet-female-7 | Potty Registered Puppies,"Meet Velvet, a RED Poodle puppy available to enquire about. 12 weeks old, female. Enquire with Potty Registered Puppies. Listing reference: velvet-female-7.",Velvet,YES,2,20,Organization|WebSite|BreadcrumbList|Product,YES,2,INDEXABLE
/puppies/vivi-female,200,https://www.pottyregisteredpuppies.com/puppies/vivi-female,,"default index,follow",https://www.pottyregisteredpuppies.com/puppies/vivi-female,1,Vivi — Maltipoo Puppy | vivi-female | Potty Registered Puppies,"Meet Vivi, a PARTI Maltipoo puppy available to enquire about. 12 weeks old, female. Enquire with Potty Registered Puppies. Listing reference: vivi-female.",Vivi,YES,2,20,Organization|WebSite|BreadcrumbList|Product,YES,2,INDEXABLE
/puppies/vivi-female-1,200,https://www.pottyregisteredpuppies.com/puppies/vivi-female-1,,"default index,follow",https://www.pottyregisteredpuppies.com/puppies/vivi-female-1,1,Vivi — Maltipoo Puppy | vivi-female-1 | Potty Registered Puppies,"Meet Vivi, a PARTI Maltipoo puppy available to enquire about. 12 weeks old, female. Enquire with Potty Registered Puppies. Listing reference: vivi-female-1.",Vivi,YES,2,20,Organization|WebSite|BreadcrumbList|Product,YES,2,INDEXABLE
/puppies/wrinkles-female,200,https://www.pottyregisteredpuppies.com/puppies/wrinkles-female,,"default index,follow",https://www.pottyregisteredpuppies.com/puppies/wrinkles-female,1,Wrinkles — Pug Puppy | wrinkles-female | Potty Registered Puppies,"Meet Wrinkles, a WHITE Pug puppy available to enquire about. 12 weeks old, female. Enquire with Potty Registered Puppies. Listing reference: wrinkles-female.",Wrinkles,YES,2,21,Organization|WebSite|BreadcrumbList|Product,YES,2,INDEXABLE
/puppies/yorkies,200,https://www.pottyregisteredpuppies.com/puppies/yorkies,,"default index,follow",https://www.pottyregisteredpuppies.com/puppies/yorkies,1,- — Yorkie Puppy | yorkies | Potty Registered Puppies,"Meet -, a STEEL BLUE Yorkie puppy available to enquire about. 12 weeks old, female. Enquire with Potty Registered Puppies. Listing reference: yorkies.",-,YES,2,20,Organization|WebSite|BreadcrumbList|Product,YES,2,INDEXABLE
/puppies/zephyr-male,200,https://www.pottyregisteredpuppies.com/puppies/zephyr-male,,"default index,follow",https://www.pottyregisteredpuppies.com/puppies/zephyr-male,1,Zephyr — Maltipoo Puppy | zephyr-male | Potty Registered Puppies,"Meet Zephyr, a PARTI Maltipoo puppy available to enquire about. 12 weeks old, male. Enquire with Potty Registered Puppies. Listing reference: zephyr-male.",Zephyr,YES,2,20,Organization|WebSite|BreadcrumbList|Product,YES,2,INDEXABLE
/puppies/ziggy-female,200,https://www.pottyregisteredpuppies.com/puppies/ziggy-female,,"default index,follow",https://www.pottyregisteredpuppies.com/puppies/ziggy-female,1,Ziggy — Poodle Puppy | ziggy-female | Potty Registered Puppies,"Meet Ziggy, a RED Poodle puppy available to enquire about. 12 weeks old, female. Enquire with Potty Registered Puppies. Listing reference: ziggy-female.",Ziggy,YES,2,20,Organization|WebSite|BreadcrumbList|Product,YES,2,INDEXABLE
/puppies/zoey-female-1,200,https://www.pottyregisteredpuppies.com/puppies/zoey-female-1,,"default index,follow",https://www.pottyregisteredpuppies.com/puppies/zoey-female-1,1,Zoey — Yorkie Puppy | zoey-female-1 | Potty Registered Puppies,"Meet Zoey, a GOLD Yorkie puppy available to enquire about. 12 weeks old, female. Enquire with Potty Registered Puppies. Listing reference: zoey-female-1.",Zoey,YES,2,20,Organization|WebSite|BreadcrumbList|Product,YES,2,INDEXABLE
/puppies/zoey-female-3,200,https://www.pottyregisteredpuppies.com/puppies/zoey-female-3,,"default index,follow",https://www.pottyregisteredpuppies.com/puppies/zoey-female-3,1,Louie — Yorkie Puppy | zoey-female-3 | Potty Registered Puppies,"Meet Louie, a STEEL BLUE Yorkie puppy available to enquire about. 20 weeks old, male. Enquire with Potty Registered Puppies. Listing reference: zoey-female-3.",Louie,YES,3,20,Organization|WebSite|BreadcrumbList|Product,YES,2,INDEXABLE
