listing_id,url,slug,breed,current_status,title,h1,description_length,description_unique,canonical,robots_indexability,sitemap_inclusion,incoming_internal_links,breed_page_relationship,puppies_hub_relationship,enquiry_cta,images,alt_text,schema,duplicate_risk,soft_404_risk,classification
lulu-female-1,https://www.pottyregisteredpuppies.com/puppies/lulu-female-1,lulu-female-1,Maltipoo,Available,"Lulu — Maltipoo Puppy | Female, 12 weeks | Potty Registered Puppies",Lulu,271,YES,https://www.pottyregisteredpuppies.com/puppies/lulu-female-1,YES,YES,2,VALID,VALID,YES,VALID,YES,BreadcrumbList + Product,NO,NO,STRONG_INDEXABLE
oscar-male-7,https://www.pottyregisteredpuppies.com/puppies/oscar-male-7,oscar-male-7,Pomsky,Available,"Oscar — Pomsky Puppy | Male, 12 weeks | Potty Registered Puppies",Oscar,269,YES,https://www.pottyregisteredpuppies.com/puppies/oscar-male-7,YES,YES,2,VALID,VALID,YES,VALID,YES,BreadcrumbList + Product,NO,NO,STRONG_INDEXABLE
diana-female-10,https://www.pottyregisteredpuppies.com/puppies/diana-female-10,diana-female-10,Pomeranian,Available,"Diana — Pomeranian Puppy | Female, 12 weeks | Potty Registered Puppies",Diana,261,YES,https://www.pottyregisteredpuppies.com/puppies/diana-female-10,YES,YES,2,VALID,VALID,YES,VALID,YES,BreadcrumbList + Product,NO,NO,STRONG_INDEXABLE
toffee-male-1,https://www.pottyregisteredpuppies.com/puppies/toffee-male-1,toffee-male-1,Poodle,Available,"Latte — Poodle Puppy | Male, 12 weeks | Potty Registered Puppies",Latte,269,YES,https://www.pottyregisteredpuppies.com/puppies/toffee-male-1,YES,YES,2,VALID,VALID,YES,VALID,YES,BreadcrumbList + Product,NO,NO,STRONG_INDEXABLE
theo-male-4,https://www.pottyregisteredpuppies.com/puppies/theo-male-4,theo-male-4,Pomeranian,Available,"Theo — Pomeranian Puppy | Male, 12 weeks | Potty Registered Puppies",Theo,262,YES,https://www.pottyregisteredpuppies.com/puppies/theo-male-4,YES,YES,2,VALID,VALID,YES,VALID,YES,BreadcrumbList + Product,NO,NO,STRONG_INDEXABLE
diana-female-9,https://www.pottyregisteredpuppies.com/puppies/diana-female-9,diana-female-9,Pomeranian,Available,"Diana — Pomeranian Puppy | Female, 12 weeks | Potty Registered Puppies",Diana,266,YES,https://www.pottyregisteredpuppies.com/puppies/diana-female-9,YES,YES,2,VALID,VALID,YES,VALID,YES,BreadcrumbList + Product,NO,NO,STRONG_INDEXABLE
giselle-female-1,https://www.pottyregisteredpuppies.com/puppies/giselle-female-1,giselle-female-1,Maltipom,Available,"Giselle — Maltipom Puppy | Female, 12 weeks | Potty Registered Puppies",Giselle,265,YES,https://www.pottyregisteredpuppies.com/puppies/giselle-female-1,YES,YES,2,VALID,VALID,YES,VALID,YES,BreadcrumbList + Product,NO,NO,STRONG_INDEXABLE
jessie-female-3,https://www.pottyregisteredpuppies.com/puppies/jessie-female-3,jessie-female-3,Maltipoo,Available,"Jessie — Maltipoo Puppy | Female, 12 weeks | Potty Registered Puppies",Jessie,269,YES,https://www.pottyregisteredpuppies.com/puppies/jessie-female-3,YES,YES,2,VALID,VALID,YES,VALID,YES,BreadcrumbList + Product,NO,NO,STRONG_INDEXABLE
amber-female-6,https://www.pottyregisteredpuppies.com/puppies/amber-female-6,amber-female-6,Poodle,Available,"Amber — Poodle Puppy | Female, 12 weeks | Potty Registered Puppies",Amber,262,YES,https://www.pottyregisteredpuppies.com/puppies/amber-female-6,YES,YES,2,VALID,VALID,YES,VALID,YES,BreadcrumbList + Product,NO,NO,STRONG_INDEXABLE
berry-female-4,https://www.pottyregisteredpuppies.com/puppies/berry-female-4,berry-female-4,Poodle,Available,"Berry — Poodle Puppy | Female, 12 weeks | Potty Registered Puppies",Berry,262,YES,https://www.pottyregisteredpuppies.com/puppies/berry-female-4,YES,YES,2,VALID,VALID,YES,VALID,YES,BreadcrumbList + Product,NO,NO,STRONG_INDEXABLE
lily-female-1,https://www.pottyregisteredpuppies.com/puppies/lily-female-1,lily-female-1,Yorkie,Available,"Lily — Yorkie Puppy | Female, 20 weeks | Potty Registered Puppies",Lily,269,YES,https://www.pottyregisteredpuppies.com/puppies/lily-female-1,YES,YES,2,VALID,VALID,YES,VALID,YES,BreadcrumbList + Product,NO,NO,STRONG_INDEXABLE
arlo-male-6,https://www.pottyregisteredpuppies.com/puppies/arlo-male-6,arlo-male-6,Poodle,Available,"Arlo — Poodle Puppy | Male, 16 weeks | Potty Registered Puppies",Arlo,258,YES,https://www.pottyregisteredpuppies.com/puppies/arlo-male-6,YES,YES,2,VALID,VALID,YES,VALID,YES,BreadcrumbList + Product,NO,NO,STRONG_INDEXABLE
thor-male-3,https://www.pottyregisteredpuppies.com/puppies/thor-male-3,thor-male-3,Pomeranian,Available,"Thor — Pomeranian Puppy | Male, 12 weeks | Potty Registered Puppies",Thor,257,YES,https://www.pottyregisteredpuppies.com/puppies/thor-male-3,YES,YES,2,VALID,VALID,YES,VALID,YES,BreadcrumbList + Product,NO,NO,STRONG_INDEXABLE
toby-male-12,https://www.pottyregisteredpuppies.com/puppies/toby-male-12,toby-male-12,Mauzer,Available,"Toby — Mauzer Puppy | Male, 12 weeks | Potty Registered Puppies",Toby,266,YES,https://www.pottyregisteredpuppies.com/puppies/toby-male-12,YES,YES,2,VALID,VALID,YES,VALID,YES,BreadcrumbList + Product,NO,NO,STRONG_INDEXABLE
toffee-male,https://www.pottyregisteredpuppies.com/puppies/toffee-male,toffee-male,Poodle,Available,"Toffee — Poodle Puppy | Male, 12 weeks | Potty Registered Puppies",Toffee,271,YES,https://www.pottyregisteredpuppies.com/puppies/toffee-male,YES,YES,2,VALID,VALID,YES,VALID,YES,BreadcrumbList + Product,NO,NO,STRONG_INDEXABLE
austin-male-7,https://www.pottyregisteredpuppies.com/puppies/austin-male-7,austin-male-7,Maltipoo,Available,"Austin — Maltipoo Puppy | Male, 12 weeks | Potty Registered Puppies",Austin,267,YES,https://www.pottyregisteredpuppies.com/puppies/austin-male-7,YES,YES,2,VALID,VALID,YES,VALID,YES,BreadcrumbList + Product,NO,NO,STRONG_INDEXABLE
agatha-female-7,https://www.pottyregisteredpuppies.com/puppies/agatha-female-7,agatha-female-7,Poodle,Available,"Agatha — Poodle Puppy | Female, 12 weeks | Potty Registered Puppies",Agatha,268,YES,https://www.pottyregisteredpuppies.com/puppies/agatha-female-7,YES,YES,2,VALID,VALID,YES,VALID,YES,BreadcrumbList + Product,NO,NO,STRONG_INDEXABLE
agatha-female-6,https://www.pottyregisteredpuppies.com/puppies/agatha-female-6,agatha-female-6,Poodle,Available,"Agatha — Poodle Puppy | Female, 12 weeks | Potty Registered Puppies",Agatha,264,YES,https://www.pottyregisteredpuppies.com/puppies/agatha-female-6,YES,YES,2,VALID,VALID,YES,VALID,YES,BreadcrumbList + Product,NO,NO,STRONG_INDEXABLE
grace-female-4,https://www.pottyregisteredpuppies.com/puppies/grace-female-4,grace-female-4,Maltese,Available,"Grace — Maltese Puppy | Female, 20 weeks | Potty Registered Puppies",Grace,260,YES,https://www.pottyregisteredpuppies.com/puppies/grace-female-4,YES,YES,2,VALID,VALID,YES,VALID,YES,BreadcrumbList + Product,NO,NO,STRONG_INDEXABLE
nutella-female-1,https://www.pottyregisteredpuppies.com/puppies/nutella-female-1,nutella-female-1,Pomeranian,Available,"Nutella — Pomeranian Puppy | Female, 12 weeks | Potty Registered Puppies",Nutella,275,YES,https://www.pottyregisteredpuppies.com/puppies/nutella-female-1,YES,YES,2,VALID,VALID,YES,VALID,YES,BreadcrumbList + Product,NO,NO,STRONG_INDEXABLE
toby-male-11,https://www.pottyregisteredpuppies.com/puppies/toby-male-11,toby-male-11,Maltese,Available,"Toby — Maltese Puppy | Male, 20 weeks | Potty Registered Puppies",Toby,256,YES,https://www.pottyregisteredpuppies.com/puppies/toby-male-11,YES,YES,2,VALID,VALID,YES,VALID,YES,BreadcrumbList + Product,NO,NO,STRONG_INDEXABLE
koda-male-1,https://www.pottyregisteredpuppies.com/puppies/koda-male-1,koda-male-1,Pomsky,Available,"Koda — Pomsky Puppy | Male, 12 weeks | Potty Registered Puppies",Koda,266,YES,https://www.pottyregisteredpuppies.com/puppies/koda-male-1,YES,YES,2,VALID,VALID,YES,VALID,YES,BreadcrumbList + Product,NO,NO,STRONG_INDEXABLE
monty-male-6,https://www.pottyregisteredpuppies.com/puppies/monty-male-6,monty-male-6,Poodle,Available,"Monty — Poodle Puppy | Male, 12 weeks | Potty Registered Puppies",Monty,260,YES,https://www.pottyregisteredpuppies.com/puppies/monty-male-6,YES,YES,2,VALID,VALID,YES,VALID,YES,BreadcrumbList + Product,NO,NO,STRONG_INDEXABLE
diana-female-8,https://www.pottyregisteredpuppies.com/puppies/diana-female-8,diana-female-8,Pomeranian,Available,"Diana — Pomeranian Puppy | Female, 12 weeks | Potty Registered Puppies",Diana,261,YES,https://www.pottyregisteredpuppies.com/puppies/diana-female-8,YES,YES,2,VALID,VALID,YES,VALID,YES,BreadcrumbList + Product,NO,NO,STRONG_INDEXABLE
isabella-female-4,https://www.pottyregisteredpuppies.com/puppies/isabella-female-4,isabella-female-4,Poodle,Available,"Isabella — Poodle Puppy | Female, 12 weeks | Potty Registered Puppies",Isabella,272,YES,https://www.pottyregisteredpuppies.com/puppies/isabella-female-4,YES,YES,2,VALID,VALID,YES,VALID,YES,BreadcrumbList + Product,NO,NO,STRONG_INDEXABLE
jennie-female-6,https://www.pottyregisteredpuppies.com/puppies/jennie-female-6,jennie-female-6,Poodle,Available,"Jennie — Poodle Puppy | Female, 12 weeks | Potty Registered Puppies",Jennie,264,YES,https://www.pottyregisteredpuppies.com/puppies/jennie-female-6,YES,YES,2,VALID,VALID,YES,VALID,YES,BreadcrumbList + Product,NO,NO,STRONG_INDEXABLE
diana-female-7,https://www.pottyregisteredpuppies.com/puppies/diana-female-7,diana-female-7,Pomeranian,Available,"Diana — Pomeranian Puppy | Female, 12 weeks | Potty Registered Puppies",Diana,261,YES,https://www.pottyregisteredpuppies.com/puppies/diana-female-7,YES,YES,2,VALID,VALID,YES,VALID,YES,BreadcrumbList + Product,NO,NO,STRONG_INDEXABLE
kyle-male-6,https://www.pottyregisteredpuppies.com/puppies/kyle-male-6,kyle-male-6,Pomeranian,Available,"Kyle — Pomeranian Puppy | Male, 12 weeks | Potty Registered Puppies",Kyle,257,YES,https://www.pottyregisteredpuppies.com/puppies/kyle-male-6,YES,YES,2,VALID,VALID,YES,VALID,YES,BreadcrumbList + Product,NO,NO,STRONG_INDEXABLE
oreo-male-3,https://www.pottyregisteredpuppies.com/puppies/oreo-male-3,oreo-male-3,Maltipoo,Available,"Oreo — Maltipoo Puppy | Male, 12 weeks | Potty Registered Puppies",Oreo,263,YES,https://www.pottyregisteredpuppies.com/puppies/oreo-male-3,YES,YES,2,VALID,VALID,YES,VALID,YES,BreadcrumbList + Product,NO,NO,STRONG_INDEXABLE
austin-male-6,https://www.pottyregisteredpuppies.com/puppies/austin-male-6,austin-male-6,Maltipoo,Available,"Austin — Maltipoo Puppy | Male, 12 weeks | Potty Registered Puppies",Austin,267,YES,https://www.pottyregisteredpuppies.com/puppies/austin-male-6,YES,YES,2,VALID,VALID,YES,VALID,YES,BreadcrumbList + Product,NO,NO,STRONG_INDEXABLE
skylar-female-2,https://www.pottyregisteredpuppies.com/puppies/skylar-female-2,skylar-female-2,Maltese,Available,"Skylar — Maltese Puppy | Female, 12 weeks | Potty Registered Puppies",Skylar,250,YES,https://www.pottyregisteredpuppies.com/puppies/skylar-female-2,YES,YES,2,VALID,VALID,YES,VALID,YES,BreadcrumbList + Product,NO,NO,STRONG_INDEXABLE
mochi-male-2,https://www.pottyregisteredpuppies.com/puppies/mochi-male-2,mochi-male-2,Pomeranian,Available,"Mochi — Pomeranian Puppy | Male, 12 weeks | Potty Registered Puppies",Mochi,259,YES,https://www.pottyregisteredpuppies.com/puppies/mochi-male-2,YES,YES,2,VALID,VALID,YES,VALID,YES,BreadcrumbList + Product,NO,NO,STRONG_INDEXABLE
daphne-female-3,https://www.pottyregisteredpuppies.com/puppies/daphne-female-3,daphne-female-3,Poodle,Available,"Daphne — Poodle Puppy | Female, 12 weeks | Potty Registered Puppies",Daphne,264,YES,https://www.pottyregisteredpuppies.com/puppies/daphne-female-3,YES,YES,2,VALID,VALID,YES,VALID,YES,BreadcrumbList + Product,NO,NO,STRONG_INDEXABLE
amelia-female-7,https://www.pottyregisteredpuppies.com/puppies/amelia-female-7,amelia-female-7,Poodle,Available,"Amelia — Poodle Puppy | Female, 12 weeks | Potty Registered Puppies",Amelia,268,YES,https://www.pottyregisteredpuppies.com/puppies/amelia-female-7,YES,YES,2,VALID,VALID,YES,VALID,YES,BreadcrumbList + Product,NO,NO,STRONG_INDEXABLE
teddy-male-5,https://www.pottyregisteredpuppies.com/puppies/teddy-male-5,teddy-male-5,Coton De Tulear,Available,"Teddy — Coton De Tulear Puppy | Male, 12 weeks | Potty Registered Puppies",Teddy,265,YES,https://www.pottyregisteredpuppies.com/puppies/teddy-male-5,YES,YES,2,VALID,VALID,YES,VALID,YES,BreadcrumbList + Product,NO,NO,STRONG_INDEXABLE
berry-female-3,https://www.pottyregisteredpuppies.com/puppies/berry-female-3,berry-female-3,Poodle,Available,"Berry — Poodle Puppy | Female, 12 weeks | Potty Registered Puppies",Berry,262,YES,https://www.pottyregisteredpuppies.com/puppies/berry-female-3,YES,YES,2,VALID,VALID,YES,VALID,YES,BreadcrumbList + Product,NO,NO,STRONG_INDEXABLE
doraemon-male-1,https://www.pottyregisteredpuppies.com/puppies/doraemon-male-1,doraemon-male-1,Maltipom,Available,"Doraemon — Maltipom Puppy | Male, 12 weeks | Potty Registered Puppies",Doraemon,269,YES,https://www.pottyregisteredpuppies.com/puppies/doraemon-male-1,YES,YES,2,VALID,VALID,YES,VALID,YES,BreadcrumbList + Product,NO,NO,STRONG_INDEXABLE
toby-male-10,https://www.pottyregisteredpuppies.com/puppies/toby-male-10,toby-male-10,Poodle,Available,"Toby — Poodle Puppy | Male, 12 weeks | Potty Registered Puppies",Toby,260,YES,https://www.pottyregisteredpuppies.com/puppies/toby-male-10,YES,YES,2,VALID,VALID,YES,VALID,YES,BreadcrumbList + Product,NO,NO,STRONG_INDEXABLE
isabella-female-3,https://www.pottyregisteredpuppies.com/puppies/isabella-female-3,isabella-female-3,Poodle,Available,"Isabella — Poodle Puppy | Female, 12 weeks | Potty Registered Puppies",Isabella,270,YES,https://www.pottyregisteredpuppies.com/puppies/isabella-female-3,YES,YES,2,VALID,VALID,YES,VALID,YES,BreadcrumbList + Product,NO,NO,STRONG_INDEXABLE
arlo-male-5,https://www.pottyregisteredpuppies.com/puppies/arlo-male-5,arlo-male-5,Poodle,Available,"Arlo — Poodle Puppy | Male, 12 weeks | Potty Registered Puppies",Arlo,258,YES,https://www.pottyregisteredpuppies.com/puppies/arlo-male-5,YES,YES,2,VALID,VALID,YES,VALID,YES,BreadcrumbList + Product,NO,NO,STRONG_INDEXABLE
zoey-female-3,https://www.pottyregisteredpuppies.com/puppies/zoey-female-3,zoey-female-3,Yorkie,Available,"Louie — Yorkie Puppy | Male, 20 weeks | Potty Registered Puppies",Louie,269,YES,https://www.pottyregisteredpuppies.com/puppies/zoey-female-3,YES,YES,2,VALID,VALID,YES,VALID,YES,BreadcrumbList + Product,NO,NO,STRONG_INDEXABLE
gizmo-male-2,https://www.pottyregisteredpuppies.com/puppies/gizmo-male-2,gizmo-male-2,Poodle,Available,"Gizmo — Poodle Puppy | Male, 12 weeks | Potty Registered Puppies",Gizmo,267,YES,https://www.pottyregisteredpuppies.com/puppies/gizmo-male-2,YES,YES,2,VALID,VALID,YES,VALID,YES,BreadcrumbList + Product,NO,NO,STRONG_INDEXABLE
coco-female-9,https://www.pottyregisteredpuppies.com/puppies/coco-female-9,coco-female-9,Poodle,Available,"Coco — Poodle Puppy | Female, 12 weeks | Potty Registered Puppies",Coco,267,YES,https://www.pottyregisteredpuppies.com/puppies/coco-female-9,YES,YES,2,VALID,VALID,YES,VALID,YES,BreadcrumbList + Product,NO,NO,STRONG_INDEXABLE
jessica-female-11,https://www.pottyregisteredpuppies.com/puppies/jessica-female-11,jessica-female-11,Maltipoo,Available,"Jessica — Maltipoo Puppy | Female, 12 weeks | Potty Registered Puppies",Jessica,269,YES,https://www.pottyregisteredpuppies.com/puppies/jessica-female-11,YES,YES,2,VALID,VALID,YES,VALID,YES,BreadcrumbList + Product,NO,NO,STRONG_INDEXABLE
bagel-male-4,https://www.pottyregisteredpuppies.com/puppies/bagel-male-4,bagel-male-4,Maltipoo,Available,"Bagel — Maltipoo Puppy | Male, 12 weeks | Potty Registered Puppies",Bagel,265,YES,https://www.pottyregisteredpuppies.com/puppies/bagel-male-4,YES,YES,2,VALID,VALID,YES,VALID,YES,BreadcrumbList + Product,NO,NO,STRONG_INDEXABLE
velvet-female-7,https://www.pottyregisteredpuppies.com/puppies/velvet-female-7,velvet-female-7,Poodle,Available,"Velvet — Poodle Puppy | Female, 12 weeks | Potty Registered Puppies",Velvet,264,YES,https://www.pottyregisteredpuppies.com/puppies/velvet-female-7,YES,YES,2,VALID,VALID,YES,VALID,YES,BreadcrumbList + Product,NO,NO,STRONG_INDEXABLE
agatha-female-5,https://www.pottyregisteredpuppies.com/puppies/agatha-female-5,agatha-female-5,Poodle,Available,"Agatha — Poodle Puppy | Female, 12 weeks | Potty Registered Puppies",Agatha,268,YES,https://www.pottyregisteredpuppies.com/puppies/agatha-female-5,YES,YES,2,VALID,VALID,YES,VALID,YES,BreadcrumbList + Product,NO,NO,STRONG_INDEXABLE
velvet-female-6,https://www.pottyregisteredpuppies.com/puppies/velvet-female-6,velvet-female-6,Poodle,Available,"Sienna — Poodle Puppy | Female, 12 weeks | Potty Registered Puppies",Sienna,268,YES,https://www.pottyregisteredpuppies.com/puppies/velvet-female-6,YES,YES,2,VALID,VALID,YES,VALID,YES,BreadcrumbList + Product,NO,NO,STRONG_INDEXABLE
arlo-male-4,https://www.pottyregisteredpuppies.com/puppies/arlo-male-4,arlo-male-4,Poodle,Available,"Arlo — Poodle Puppy | Male, 12 weeks | Potty Registered Puppies",Arlo,258,YES,https://www.pottyregisteredpuppies.com/puppies/arlo-male-4,YES,YES,2,VALID,VALID,YES,VALID,YES,BreadcrumbList + Product,NO,NO,STRONG_INDEXABLE
toto-male-3,https://www.pottyregisteredpuppies.com/puppies/toto-male-3,toto-male-3,Yorkie,Available,"Toto — Yorkie Puppy | Male, 16 weeks | Potty Registered Puppies",Toto,261,YES,https://www.pottyregisteredpuppies.com/puppies/toto-male-3,YES,YES,2,VALID,VALID,YES,VALID,YES,BreadcrumbList + Product,NO,NO,STRONG_INDEXABLE
diana-female-6,https://www.pottyregisteredpuppies.com/puppies/diana-female-6,diana-female-6,Pomeranian,Available,"Diana — Pomeranian Puppy | Female, 12 weeks | Potty Registered Puppies",Diana,261,YES,https://www.pottyregisteredpuppies.com/puppies/diana-female-6,YES,YES,2,VALID,VALID,YES,VALID,YES,BreadcrumbList + Product,NO,NO,STRONG_INDEXABLE
gigi-female-8,https://www.pottyregisteredpuppies.com/puppies/gigi-female-8,gigi-female-8,Maltipoo,Available,"Gigi — Maltipoo Puppy | Female, 12 weeks | Potty Registered Puppies",Gigi,265,YES,https://www.pottyregisteredpuppies.com/puppies/gigi-female-8,YES,YES,2,VALID,VALID,YES,VALID,YES,BreadcrumbList + Product,NO,NO,STRONG_INDEXABLE
austin-male-5,https://www.pottyregisteredpuppies.com/puppies/austin-male-5,austin-male-5,Maltipoo,Available,"Austin — Maltipoo Puppy | Male, 12 weeks | Potty Registered Puppies",Austin,267,YES,https://www.pottyregisteredpuppies.com/puppies/austin-male-5,YES,YES,2,VALID,VALID,YES,VALID,YES,BreadcrumbList + Product,NO,NO,STRONG_INDEXABLE
milo-male-11,https://www.pottyregisteredpuppies.com/puppies/milo-male-11,milo-male-11,Poodle,Available,"Milo — Poodle Puppy | Male, 12 weeks | Potty Registered Puppies",Milo,259,YES,https://www.pottyregisteredpuppies.com/puppies/milo-male-11,YES,YES,2,VALID,VALID,YES,VALID,YES,BreadcrumbList + Product,NO,NO,STRONG_INDEXABLE
luna-female-4,https://www.pottyregisteredpuppies.com/puppies/luna-female-4,luna-female-4,Poodle,Available,"Luna — Poodle Puppy | Female, 12 weeks | Potty Registered Puppies",Luna,264,YES,https://www.pottyregisteredpuppies.com/puppies/luna-female-4,YES,YES,2,VALID,VALID,YES,VALID,YES,BreadcrumbList + Product,NO,NO,STRONG_INDEXABLE
inky-female,https://www.pottyregisteredpuppies.com/puppies/inky-female,inky-female,Mini Schnauzer,Available,"Inky — Mini Schnauzer Puppy | Female, 12 weeks | Potty Registered Puppies",Inky,279,YES,https://www.pottyregisteredpuppies.com/puppies/inky-female,YES,YES,2,VALID,VALID,YES,VALID,YES,BreadcrumbList + Product,NO,NO,STRONG_INDEXABLE
jennie-female-5,https://www.pottyregisteredpuppies.com/puppies/jennie-female-5,jennie-female-5,Poodle,Available,"Jennie — Poodle Puppy | Female, 12 weeks | Potty Registered Puppies",Jennie,266,YES,https://www.pottyregisteredpuppies.com/puppies/jennie-female-5,YES,YES,2,VALID,VALID,YES,VALID,YES,BreadcrumbList + Product,NO,NO,STRONG_INDEXABLE
noah-male-1,https://www.pottyregisteredpuppies.com/puppies/noah-male-1,noah-male-1,Maltipoo,Available,"Noah — Maltipoo Puppy | Male, 12 weeks | Potty Registered Puppies",Noah,263,YES,https://www.pottyregisteredpuppies.com/puppies/noah-male-1,YES,YES,2,VALID,VALID,YES,VALID,YES,BreadcrumbList + Product,NO,NO,STRONG_INDEXABLE
coco-female-8,https://www.pottyregisteredpuppies.com/puppies/coco-female-8,coco-female-8,Pomsky,Available,"Coco — Pomsky Puppy | Female, 12 weeks | Potty Registered Puppies",Coco,268,YES,https://www.pottyregisteredpuppies.com/puppies/coco-female-8,YES,YES,2,VALID,VALID,YES,VALID,YES,BreadcrumbList + Product,NO,NO,STRONG_INDEXABLE
scarlet-female-2,https://www.pottyregisteredpuppies.com/puppies/scarlet-female-2,scarlet-female-2,Pomapoo,Available,"Scarlet — Pomapoo Puppy | Female, 12 weeks | Potty Registered Puppies",Scarlet,270,YES,https://www.pottyregisteredpuppies.com/puppies/scarlet-female-2,YES,YES,2,VALID,VALID,YES,VALID,YES,BreadcrumbList + Product,NO,NO,STRONG_INDEXABLE
mochi-female-9,https://www.pottyregisteredpuppies.com/puppies/mochi-female-9,mochi-female-9,Maltese,Available,"Mochi — Maltese Puppy | Female, 16 weeks | Potty Registered Puppies",Mochi,260,YES,https://www.pottyregisteredpuppies.com/puppies/mochi-female-9,YES,YES,2,VALID,VALID,YES,VALID,YES,BreadcrumbList + Product,NO,NO,STRONG_INDEXABLE
amber-female-5,https://www.pottyregisteredpuppies.com/puppies/amber-female-5,amber-female-5,Poodle,Available,"Amber — Poodle Puppy | Female, 12 weeks | Potty Registered Puppies",Amber,262,YES,https://www.pottyregisteredpuppies.com/puppies/amber-female-5,YES,YES,2,VALID,VALID,YES,VALID,YES,BreadcrumbList + Product,NO,NO,STRONG_INDEXABLE
stella-female-7,https://www.pottyregisteredpuppies.com/puppies/stella-female-7,stella-female-7,Yorkie,Available,"Stella — Yorkie Puppy | Female, 16 weeks | Potty Registered Puppies",Stella,273,YES,https://www.pottyregisteredpuppies.com/puppies/stella-female-7,YES,YES,2,VALID,VALID,YES,VALID,YES,BreadcrumbList + Product,NO,NO,STRONG_INDEXABLE
myles-male-7,https://www.pottyregisteredpuppies.com/puppies/myles-male-7,myles-male-7,Maltipoo,Available,"Myles — Maltipoo Puppy | Male, 12 weeks | Potty Registered Puppies",Myles,265,YES,https://www.pottyregisteredpuppies.com/puppies/myles-male-7,YES,YES,2,VALID,VALID,YES,VALID,YES,BreadcrumbList + Product,NO,NO,STRONG_INDEXABLE
bailey-male-3,https://www.pottyregisteredpuppies.com/puppies/bailey-male-3,bailey-male-3,Poodle,Available,"Bailey — Poodle Puppy | Male, 12 weeks | Potty Registered Puppies",Bailey,262,YES,https://www.pottyregisteredpuppies.com/puppies/bailey-male-3,YES,YES,2,VALID,VALID,YES,VALID,YES,BreadcrumbList + Product,NO,NO,STRONG_INDEXABLE
jack-male-1,https://www.pottyregisteredpuppies.com/puppies/jack-male-1,jack-male-1,Poodle,Available,"Jack — Poodle Puppy | Male, 12 weeks | Potty Registered Puppies",Jack,258,YES,https://www.pottyregisteredpuppies.com/puppies/jack-male-1,YES,YES,2,VALID,VALID,YES,VALID,YES,BreadcrumbList + Product,NO,NO,STRONG_INDEXABLE
austin-male-4,https://www.pottyregisteredpuppies.com/puppies/austin-male-4,austin-male-4,Maltipoo,Available,"Austin — Maltipoo Puppy | Male, 12 weeks | Potty Registered Puppies",Austin,267,YES,https://www.pottyregisteredpuppies.com/puppies/austin-male-4,YES,YES,2,VALID,VALID,YES,VALID,YES,BreadcrumbList + Product,NO,NO,STRONG_INDEXABLE
jessie-female-2,https://www.pottyregisteredpuppies.com/puppies/jessie-female-2,jessie-female-2,Maltipoo,Available,"Jessie — Maltipoo Puppy | Female, 12 weeks | Potty Registered Puppies",Jessie,269,YES,https://www.pottyregisteredpuppies.com/puppies/jessie-female-2,YES,YES,2,VALID,VALID,YES,VALID,YES,BreadcrumbList + Product,NO,NO,STRONG_INDEXABLE
oscar-male-6,https://www.pottyregisteredpuppies.com/puppies/oscar-male-6,oscar-male-6,Pomsky,Available,"Oscar — Pomsky Puppy | Male, 12 weeks | Potty Registered Puppies",Oscar,270,YES,https://www.pottyregisteredpuppies.com/puppies/oscar-male-6,YES,YES,2,VALID,VALID,YES,VALID,YES,BreadcrumbList + Product,NO,NO,STRONG_INDEXABLE
roxy-female-7,https://www.pottyregisteredpuppies.com/puppies/roxy-female-7,roxy-female-7,Pomsky,Available,"Roxy — Pomsky Puppy | Female, 12 weeks | Potty Registered Puppies",Roxy,262,YES,https://www.pottyregisteredpuppies.com/puppies/roxy-female-7,YES,YES,2,VALID,VALID,YES,VALID,YES,BreadcrumbList + Product,NO,NO,STRONG_INDEXABLE
pommy-male-2,https://www.pottyregisteredpuppies.com/puppies/pommy-male-2,pommy-male-2,Pomeranian,Available,"Pommy — Pomeranian Puppy | Male, 16 weeks | Potty Registered Puppies",Pommy,260,YES,https://www.pottyregisteredpuppies.com/puppies/pommy-male-2,YES,YES,2,VALID,VALID,YES,VALID,YES,BreadcrumbList + Product,NO,NO,STRONG_INDEXABLE
myles-male-6,https://www.pottyregisteredpuppies.com/puppies/myles-male-6,myles-male-6,Maltipoo,Available,"Myles — Maltipoo Puppy | Male, 12 weeks | Potty Registered Puppies",Myles,265,YES,https://www.pottyregisteredpuppies.com/puppies/myles-male-6,YES,YES,2,VALID,VALID,YES,VALID,YES,BreadcrumbList + Product,NO,NO,STRONG_INDEXABLE
jennie-female-4,https://www.pottyregisteredpuppies.com/puppies/jennie-female-4,jennie-female-4,Poodle,Available,"Jennie — Poodle Puppy | Female, 12 weeks | Potty Registered Puppies",Jennie,264,YES,https://www.pottyregisteredpuppies.com/puppies/jennie-female-4,YES,YES,2,VALID,VALID,YES,VALID,YES,BreadcrumbList + Product,NO,NO,STRONG_INDEXABLE
enzo-male,https://www.pottyregisteredpuppies.com/puppies/enzo-male,enzo-male,Coton De Tulear,Available,"Enzo — Coton De Tulear Puppy | Male, 12 weeks | Potty Registered Puppies",Enzo,263,YES,https://www.pottyregisteredpuppies.com/puppies/enzo-male,YES,YES,2,VALID,VALID,YES,VALID,YES,BreadcrumbList + Product,NO,NO,STRONG_INDEXABLE
teddy-male-4,https://www.pottyregisteredpuppies.com/puppies/teddy-male-4,teddy-male-4,Coton De Tulear,Available,"Teddy — Coton De Tulear Puppy | Male, 12 weeks | Potty Registered Puppies",Teddy,265,YES,https://www.pottyregisteredpuppies.com/puppies/teddy-male-4,YES,YES,2,VALID,VALID,YES,VALID,YES,BreadcrumbList + Product,NO,NO,STRONG_INDEXABLE
colette-female,https://www.pottyregisteredpuppies.com/puppies/colette-female,colette-female,Coton De Tulear,Available,"Colette — Coton De Tulear Puppy | Female, 12 weeks | Potty Registered Puppies",Colette,271,YES,https://www.pottyregisteredpuppies.com/puppies/colette-female,YES,YES,2,VALID,VALID,YES,VALID,YES,BreadcrumbList + Product,NO,NO,STRONG_INDEXABLE
toby-male-9,https://www.pottyregisteredpuppies.com/puppies/toby-male-9,toby-male-9,Poodle,Available,"Toby — Poodle Puppy | Male, 12 weeks | Potty Registered Puppies",Toby,260,YES,https://www.pottyregisteredpuppies.com/puppies/toby-male-9,YES,YES,2,VALID,VALID,YES,VALID,YES,BreadcrumbList + Product,NO,NO,STRONG_INDEXABLE
hugo-male-4,https://www.pottyregisteredpuppies.com/puppies/hugo-male-4,hugo-male-4,Frenchie,Available,"Hugo — Frenchie Puppy | Male, 12 weeks | Potty Registered Puppies",Hugo,260,YES,https://www.pottyregisteredpuppies.com/puppies/hugo-male-4,YES,YES,2,VALID,VALID,YES,VALID,YES,BreadcrumbList + Product,NO,NO,STRONG_INDEXABLE
jennie-female-3,https://www.pottyregisteredpuppies.com/puppies/jennie-female-3,jennie-female-3,Poodle,Available,"Jennie — Poodle Puppy | Female, 12 weeks | Potty Registered Puppies",Jennie,264,YES,https://www.pottyregisteredpuppies.com/puppies/jennie-female-3,YES,YES,2,VALID,VALID,YES,VALID,YES,BreadcrumbList + Product,NO,NO,STRONG_INDEXABLE
lyra-female-8,https://www.pottyregisteredpuppies.com/puppies/lyra-female-8,lyra-female-8,Maltipoo,Available,"Lyra — Maltipoo Puppy | Female, 12 weeks | Potty Registered Puppies",Lyra,265,YES,https://www.pottyregisteredpuppies.com/puppies/lyra-female-8,YES,YES,2,VALID,VALID,YES,VALID,YES,BreadcrumbList + Product,NO,NO,STRONG_INDEXABLE
melina-female-4,https://www.pottyregisteredpuppies.com/puppies/melina-female-4,melina-female-4,Poodle,Available,"Melina — Poodle Puppy | Female, 12 weeks | Potty Registered Puppies",Melina,265,YES,https://www.pottyregisteredpuppies.com/puppies/melina-female-4,YES,YES,2,VALID,VALID,YES,VALID,YES,BreadcrumbList + Product,NO,NO,STRONG_INDEXABLE
mochi-female-8,https://www.pottyregisteredpuppies.com/puppies/mochi-female-8,mochi-female-8,Maltese,Available,"Mochi — Maltese Puppy | Female, 20 weeks | Potty Registered Puppies",Mochi,260,YES,https://www.pottyregisteredpuppies.com/puppies/mochi-female-8,YES,YES,2,VALID,VALID,YES,VALID,YES,BreadcrumbList + Product,NO,NO,STRONG_INDEXABLE
milo-male-10,https://www.pottyregisteredpuppies.com/puppies/milo-male-10,milo-male-10,Poodle,Available,"Milo — Poodle Puppy | Male, 12 weeks | Potty Registered Puppies",Milo,258,YES,https://www.pottyregisteredpuppies.com/puppies/milo-male-10,YES,YES,2,VALID,VALID,YES,VALID,YES,BreadcrumbList + Product,NO,NO,STRONG_INDEXABLE
aspen-male-5,https://www.pottyregisteredpuppies.com/puppies/aspen-male-5,aspen-male-5,Pomeranian,Available,"Aspen — Pomeranian Puppy | Male, 12 weeks | Potty Registered Puppies",Aspen,259,YES,https://www.pottyregisteredpuppies.com/puppies/aspen-male-5,YES,YES,2,VALID,VALID,YES,VALID,YES,BreadcrumbList + Product,NO,NO,STRONG_INDEXABLE
sienna-female-7,https://www.pottyregisteredpuppies.com/puppies/sienna-female-7,sienna-female-7,Poodle,Available,"Sienna — Poodle Puppy | Female, 12 weeks | Potty Registered Puppies",Sienna,268,YES,https://www.pottyregisteredpuppies.com/puppies/sienna-female-7,YES,YES,2,VALID,VALID,YES,VALID,YES,BreadcrumbList + Product,NO,NO,STRONG_INDEXABLE
leo-male-3,https://www.pottyregisteredpuppies.com/puppies/leo-male-3,leo-male-3,Poodle,Available,"Leo — Poodle Puppy | Male, 12 weeks | Potty Registered Puppies",Leo,256,YES,https://www.pottyregisteredpuppies.com/puppies/leo-male-3,YES,YES,2,VALID,VALID,YES,VALID,YES,BreadcrumbList + Product,NO,NO,STRONG_INDEXABLE
amber-female-4,https://www.pottyregisteredpuppies.com/puppies/amber-female-4,amber-female-4,Poodle,Available,"Amber — Poodle Puppy | Female, 12 weeks | Potty Registered Puppies",Amber,264,YES,https://www.pottyregisteredpuppies.com/puppies/amber-female-4,YES,YES,2,VALID,VALID,YES,VALID,YES,BreadcrumbList + Product,NO,NO,STRONG_INDEXABLE
taffy-female-1,https://www.pottyregisteredpuppies.com/puppies/taffy-female-1,taffy-female-1,Coton De Tulear,Available,"Taffy — Coton De Tulear Puppy | Female, 12 weeks | Potty Registered Puppies",Taffy,267,YES,https://www.pottyregisteredpuppies.com/puppies/taffy-female-1,YES,YES,2,VALID,VALID,YES,VALID,YES,BreadcrumbList + Product,NO,NO,STRONG_INDEXABLE
nana-female-1,https://www.pottyregisteredpuppies.com/puppies/nana-female-1,nana-female-1,Pomsky,Available,"Nana — Pomsky Puppy | Female, 12 weeks | Potty Registered Puppies",Nana,262,YES,https://www.pottyregisteredpuppies.com/puppies/nana-female-1,YES,YES,2,VALID,VALID,YES,VALID,YES,BreadcrumbList + Product,NO,NO,STRONG_INDEXABLE
valentina-female-4,https://www.pottyregisteredpuppies.com/puppies/valentina-female-4,valentina-female-4,Maltese,Available,"Valentina — Maltese Puppy | Female, 20 weeks | Potty Registered Puppies",Valentina,268,YES,https://www.pottyregisteredpuppies.com/puppies/valentina-female-4,YES,YES,2,VALID,VALID,YES,VALID,YES,BreadcrumbList + Product,NO,NO,STRONG_INDEXABLE
yorkies,https://www.pottyregisteredpuppies.com/puppies/yorkies,yorkies,Yorkie,Available,"- — Yorkie Puppy | Female, 12 weeks | Potty Registered Puppies",-,263,YES,https://www.pottyregisteredpuppies.com/puppies/yorkies,YES,YES,2,VALID,VALID,YES,VALID,YES,BreadcrumbList + Product,NO,NO,STRONG_INDEXABLE
som-female,https://www.pottyregisteredpuppies.com/puppies/som-female,som-female,Pomeranian,Available,"Som — Pomeranian Puppy | Female, 12 weeks | Potty Registered Puppies",Som,257,YES,https://www.pottyregisteredpuppies.com/puppies/som-female,YES,YES,2,VALID,VALID,YES,VALID,YES,BreadcrumbList + Product,NO,NO,STRONG_INDEXABLE
osita-female,https://www.pottyregisteredpuppies.com/puppies/osita-female,osita-female,Pomeranian,Available,"Osita — Pomeranian Puppy | Female, 12 weeks | Potty Registered Puppies",Osita,266,YES,https://www.pottyregisteredpuppies.com/puppies/osita-female,YES,YES,2,VALID,VALID,YES,VALID,YES,BreadcrumbList + Product,NO,NO,STRONG_INDEXABLE
amber-female-3,https://www.pottyregisteredpuppies.com/puppies/amber-female-3,amber-female-3,Poodle,Available,"Amber — Poodle Puppy | Female, 12 weeks | Potty Registered Puppies",Amber,262,YES,https://www.pottyregisteredpuppies.com/puppies/amber-female-3,YES,YES,2,VALID,VALID,YES,VALID,YES,BreadcrumbList + Product,NO,NO,STRONG_INDEXABLE
jessie-female-1,https://www.pottyregisteredpuppies.com/puppies/jessie-female-1,jessie-female-1,Maltipoo,Available,"Jessie — Maltipoo Puppy | Female, 12 weeks | Potty Registered Puppies",Jessie,269,YES,https://www.pottyregisteredpuppies.com/puppies/jessie-female-1,YES,YES,2,VALID,VALID,YES,VALID,YES,BreadcrumbList + Product,NO,NO,STRONG_INDEXABLE
mochi-female-7,https://www.pottyregisteredpuppies.com/puppies/mochi-female-7,mochi-female-7,Poodle,Available,"Mochi — Poodle Puppy | Female, 12 weeks | Potty Registered Puppies",Mochi,270,YES,https://www.pottyregisteredpuppies.com/puppies/mochi-female-7,YES,YES,2,VALID,VALID,YES,VALID,YES,BreadcrumbList + Product,NO,NO,STRONG_INDEXABLE
sienna-female-6,https://www.pottyregisteredpuppies.com/puppies/sienna-female-6,sienna-female-6,Poodle,Available,"Sienna — Poodle Puppy | Female, 12 weeks | Potty Registered Puppies",Sienna,264,YES,https://www.pottyregisteredpuppies.com/puppies/sienna-female-6,YES,YES,2,VALID,VALID,YES,VALID,YES,BreadcrumbList + Product,NO,NO,STRONG_INDEXABLE
arlo-male-3,https://www.pottyregisteredpuppies.com/puppies/arlo-male-3,arlo-male-3,Poodle,Available,"Arlo — Poodle Puppy | Male, 12 weeks | Potty Registered Puppies",Arlo,258,YES,https://www.pottyregisteredpuppies.com/puppies/arlo-male-3,YES,YES,2,VALID,VALID,YES,VALID,YES,BreadcrumbList + Product,NO,NO,STRONG_INDEXABLE
nugget-male-3,https://www.pottyregisteredpuppies.com/puppies/nugget-male-3,nugget-male-3,Poodle,Available,"Nugget — Poodle Puppy | Male, 12 weeks | Potty Registered Puppies",Nugget,266,YES,https://www.pottyregisteredpuppies.com/puppies/nugget-male-3,YES,YES,2,VALID,VALID,YES,VALID,YES,BreadcrumbList + Product,NO,NO,STRONG_INDEXABLE
kofi-male-4,https://www.pottyregisteredpuppies.com/puppies/kofi-male-4,kofi-male-4,Yorkie,Available,"Kofi — Yorkie Puppy | Male, 12 weeks | Potty Registered Puppies",Kofi,267,YES,https://www.pottyregisteredpuppies.com/puppies/kofi-male-4,YES,YES,2,VALID,VALID,YES,VALID,YES,BreadcrumbList + Product,NO,NO,STRONG_INDEXABLE
austin-male-3,https://www.pottyregisteredpuppies.com/puppies/austin-male-3,austin-male-3,Maltipoo,Available,"Austin — Maltipoo Puppy | Male, 12 weeks | Potty Registered Puppies",Austin,267,YES,https://www.pottyregisteredpuppies.com/puppies/austin-male-3,YES,YES,2,VALID,VALID,YES,VALID,YES,BreadcrumbList + Product,NO,NO,STRONG_INDEXABLE
bagel-male-3,https://www.pottyregisteredpuppies.com/puppies/bagel-male-3,bagel-male-3,Maltipoo,Available,"Bagel — Maltipoo Puppy | Male, 12 weeks | Potty Registered Puppies",Bagel,265,YES,https://www.pottyregisteredpuppies.com/puppies/bagel-male-3,YES,YES,2,VALID,VALID,YES,VALID,YES,BreadcrumbList + Product,NO,NO,STRONG_INDEXABLE
jessica-female-10,https://www.pottyregisteredpuppies.com/puppies/jessica-female-10,jessica-female-10,Maltipoo,Available,"Jessica — Maltipoo Puppy | Female, 12 weeks | Potty Registered Puppies",Jessica,271,YES,https://www.pottyregisteredpuppies.com/puppies/jessica-female-10,YES,YES,2,VALID,VALID,YES,VALID,YES,BreadcrumbList + Product,NO,NO,STRONG_INDEXABLE
gisele-female-1,https://www.pottyregisteredpuppies.com/puppies/gisele-female-1,gisele-female-1,Pomeranian,Available,"Gisele — Pomeranian Puppy | Female, 12 weeks | Potty Registered Puppies",Gisele,268,YES,https://www.pottyregisteredpuppies.com/puppies/gisele-female-1,YES,YES,2,VALID,VALID,YES,VALID,YES,BreadcrumbList + Product,NO,NO,STRONG_INDEXABLE
sienna-female-5,https://www.pottyregisteredpuppies.com/puppies/sienna-female-5,sienna-female-5,Poodle,Available,"Sienna — Poodle Puppy | Female, 12 weeks | Potty Registered Puppies",Sienna,264,YES,https://www.pottyregisteredpuppies.com/puppies/sienna-female-5,YES,YES,2,VALID,VALID,YES,VALID,YES,BreadcrumbList + Product,NO,NO,STRONG_INDEXABLE
agatha-female-4,https://www.pottyregisteredpuppies.com/puppies/agatha-female-4,agatha-female-4,Poodle,Available,"Agatha — Poodle Puppy | Female, 12 weeks | Potty Registered Puppies",Agatha,268,YES,https://www.pottyregisteredpuppies.com/puppies/agatha-female-4,YES,YES,2,VALID,VALID,YES,VALID,YES,BreadcrumbList + Product,NO,NO,STRONG_INDEXABLE
gigi-female-7,https://www.pottyregisteredpuppies.com/puppies/gigi-female-7,gigi-female-7,Maltipoo,Available,"Gigi — Maltipoo Puppy | Female, 12 weeks | Potty Registered Puppies",Gigi,265,YES,https://www.pottyregisteredpuppies.com/puppies/gigi-female-7,YES,YES,2,VALID,VALID,YES,VALID,YES,BreadcrumbList + Product,NO,NO,STRONG_INDEXABLE
gucci-male,https://www.pottyregisteredpuppies.com/puppies/gucci-male,gucci-male,Morkie,Available,"Gucci — Morkie Puppy | Male, 24 weeks | Potty Registered Puppies",Gucci,264,YES,https://www.pottyregisteredpuppies.com/puppies/gucci-male,YES,YES,2,VALID,VALID,YES,VALID,YES,BreadcrumbList + Product,NO,NO,STRONG_INDEXABLE
cher-female,https://www.pottyregisteredpuppies.com/puppies/cher-female,cher-female,Pomeranian,Available,"Cher — Pomeranian Puppy | Female, 28 weeks | Potty Registered Puppies",Cher,259,YES,https://www.pottyregisteredpuppies.com/puppies/cher-female,YES,YES,2,VALID,VALID,YES,VALID,YES,BreadcrumbList + Product,NO,NO,STRONG_INDEXABLE
nova-female-3,https://www.pottyregisteredpuppies.com/puppies/nova-female-3,nova-female-3,Dachshund,Available,"Nova — Dachshund Puppy | Female, 20 weeks | Potty Registered Puppies",Nova,261,YES,https://www.pottyregisteredpuppies.com/puppies/nova-female-3,YES,YES,2,VALID,VALID,YES,VALID,YES,BreadcrumbList + Product,NO,NO,STRONG_INDEXABLE
velvet-female-5,https://www.pottyregisteredpuppies.com/puppies/velvet-female-5,velvet-female-5,Poodle,Available,"Velvet — Poodle Puppy | Female, 12 weeks | Potty Registered Puppies",Velvet,264,YES,https://www.pottyregisteredpuppies.com/puppies/velvet-female-5,YES,YES,2,VALID,VALID,YES,VALID,YES,BreadcrumbList + Product,NO,NO,STRONG_INDEXABLE
biscuit-male-3,https://www.pottyregisteredpuppies.com/puppies/biscuit-male-3,biscuit-male-3,Maltipoo,Available,"Biscuit — Maltipoo Puppy | Male, 12 weeks | Potty Registered Puppies",Biscuit,269,YES,https://www.pottyregisteredpuppies.com/puppies/biscuit-male-3,YES,YES,2,VALID,VALID,YES,VALID,YES,BreadcrumbList + Product,NO,NO,STRONG_INDEXABLE
myles-male-5,https://www.pottyregisteredpuppies.com/puppies/myles-male-5,myles-male-5,Maltipoo,Available,"Myles — Maltipoo Puppy | Male, 12 weeks | Potty Registered Puppies",Myles,265,YES,https://www.pottyregisteredpuppies.com/puppies/myles-male-5,YES,YES,2,VALID,VALID,YES,VALID,YES,BreadcrumbList + Product,NO,NO,STRONG_INDEXABLE
celine-female-2,https://www.pottyregisteredpuppies.com/puppies/celine-female-2,celine-female-2,Morkie,Available,"Celine — Morkie Puppy | Female, 12 weeks | Potty Registered Puppies",Celine,268,YES,https://www.pottyregisteredpuppies.com/puppies/celine-female-2,YES,YES,2,VALID,VALID,YES,VALID,YES,BreadcrumbList + Product,NO,NO,STRONG_INDEXABLE
valentina-female-3,https://www.pottyregisteredpuppies.com/puppies/valentina-female-3,valentina-female-3,Maltese,Available,"Valentina — Maltese Puppy | Female, 12 weeks | Potty Registered Puppies",Valentina,268,YES,https://www.pottyregisteredpuppies.com/puppies/valentina-female-3,YES,YES,2,VALID,VALID,YES,VALID,YES,BreadcrumbList + Product,NO,NO,STRONG_INDEXABLE
lucky-male-2,https://www.pottyregisteredpuppies.com/puppies/lucky-male-2,lucky-male-2,Pomsky,Available,"Lucky — Pomsky Puppy | Male, 12 weeks | Potty Registered Puppies",Lucky,262,YES,https://www.pottyregisteredpuppies.com/puppies/lucky-male-2,YES,YES,2,VALID,VALID,YES,VALID,YES,BreadcrumbList + Product,NO,NO,STRONG_INDEXABLE
sienna-female-4,https://www.pottyregisteredpuppies.com/puppies/sienna-female-4,sienna-female-4,Poodle,Available,"Sienna — Poodle Puppy | Female, 12 weeks | Potty Registered Puppies",Sienna,268,YES,https://www.pottyregisteredpuppies.com/puppies/sienna-female-4,YES,YES,2,VALID,VALID,YES,VALID,YES,BreadcrumbList + Product,NO,NO,STRONG_INDEXABLE
cooper-male-2,https://www.pottyregisteredpuppies.com/puppies/cooper-male-2,cooper-male-2,Maltipoo,Available,"Cooper — Maltipoo Puppy | Male, 12 weeks | Potty Registered Puppies",Cooper,265,YES,https://www.pottyregisteredpuppies.com/puppies/cooper-male-2,YES,YES,2,VALID,VALID,YES,VALID,YES,BreadcrumbList + Product,NO,NO,STRONG_INDEXABLE
hyde-male,https://www.pottyregisteredpuppies.com/puppies/hyde-male,hyde-male,Pomeranian,Available,"Hyde — Pomeranian Puppy | Male, 12 weeks | Potty Registered Puppies",Hyde,262,YES,https://www.pottyregisteredpuppies.com/puppies/hyde-male,YES,YES,2,VALID,VALID,YES,VALID,YES,BreadcrumbList + Product,NO,NO,STRONG_INDEXABLE
jessie-female,https://www.pottyregisteredpuppies.com/puppies/jessie-female,jessie-female,Maltipoo,Available,"Jessie — Maltipoo Puppy | Female, 12 weeks | Potty Registered Puppies",Jessie,269,YES,https://www.pottyregisteredpuppies.com/puppies/jessie-female,YES,YES,2,VALID,VALID,YES,VALID,YES,BreadcrumbList + Product,NO,NO,STRONG_INDEXABLE
melna-female,https://www.pottyregisteredpuppies.com/puppies/melna-female,melna-female,Poodle,Available,"Melina — Poodle Puppy | Female, 12 weeks | Potty Registered Puppies",Melina,264,YES,https://www.pottyregisteredpuppies.com/puppies/melna-female,YES,YES,2,VALID,VALID,YES,VALID,YES,BreadcrumbList + Product,NO,NO,STRONG_INDEXABLE
amber-female-2,https://www.pottyregisteredpuppies.com/puppies/amber-female-2,amber-female-2,Poodle,Available,"Amber — Poodle Puppy | Female, 12 weeks | Potty Registered Puppies",Amber,266,YES,https://www.pottyregisteredpuppies.com/puppies/amber-female-2,YES,YES,2,VALID,VALID,YES,VALID,YES,BreadcrumbList + Product,NO,NO,STRONG_INDEXABLE
aria-female,https://www.pottyregisteredpuppies.com/puppies/aria-female,aria-female,Pomeranian,Available,"Aria — Pomeranian Puppy | Female, 12 weeks | Potty Registered Puppies",Aria,264,YES,https://www.pottyregisteredpuppies.com/puppies/aria-female,YES,YES,2,VALID,VALID,YES,VALID,YES,BreadcrumbList + Product,NO,NO,STRONG_INDEXABLE
rose-female-2,https://www.pottyregisteredpuppies.com/puppies/rose-female-2,rose-female-2,Poodle,Available,"Rose — Poodle Puppy | Female, 12 weeks | Potty Registered Puppies",Rose,262,YES,https://www.pottyregisteredpuppies.com/puppies/rose-female-2,YES,YES,2,VALID,VALID,YES,VALID,YES,BreadcrumbList + Product,NO,NO,STRONG_INDEXABLE
honey-female,https://www.pottyregisteredpuppies.com/puppies/honey-female,honey-female,Pomeranian,Available,"Honey — Pomeranian Puppy | Female, 12 weeks | Potty Registered Puppies",Honey,262,YES,https://www.pottyregisteredpuppies.com/puppies/honey-female,YES,YES,2,VALID,VALID,YES,VALID,YES,BreadcrumbList + Product,NO,NO,STRONG_INDEXABLE
beau-male-2,https://www.pottyregisteredpuppies.com/puppies/beau-male-2,beau-male-2,Poodle,Available,"Beau — Poodle Puppy | Male, 12 weeks | Potty Registered Puppies",Beau,260,YES,https://www.pottyregisteredpuppies.com/puppies/beau-male-2,YES,YES,2,VALID,VALID,YES,VALID,YES,BreadcrumbList + Product,NO,NO,STRONG_INDEXABLE
marco-male-3,https://www.pottyregisteredpuppies.com/puppies/marco-male-3,marco-male-3,Maltipoo,Available,"Marco — Maltipoo Puppy | Male, 12 weeks | Potty Registered Puppies",Marco,265,YES,https://www.pottyregisteredpuppies.com/puppies/marco-male-3,YES,YES,2,VALID,VALID,YES,VALID,YES,BreadcrumbList + Product,NO,NO,STRONG_INDEXABLE
roxy-female-6,https://www.pottyregisteredpuppies.com/puppies/roxy-female-6,roxy-female-6,Pomsky,Available,"Roxy — Pomsky Puppy | Female, 12 weeks | Potty Registered Puppies",Roxy,268,YES,https://www.pottyregisteredpuppies.com/puppies/roxy-female-6,YES,YES,2,VALID,VALID,YES,VALID,YES,BreadcrumbList + Product,NO,NO,STRONG_INDEXABLE
arlo-male-2,https://www.pottyregisteredpuppies.com/puppies/arlo-male-2,arlo-male-2,Poodle,Available,"Arlo — Poodle Puppy | Male, 12 weeks | Potty Registered Puppies",Arlo,258,YES,https://www.pottyregisteredpuppies.com/puppies/arlo-male-2,YES,YES,2,VALID,VALID,YES,VALID,YES,BreadcrumbList + Product,NO,NO,STRONG_INDEXABLE
berry-female-2,https://www.pottyregisteredpuppies.com/puppies/berry-female-2,berry-female-2,Poodle,Available,"Berry — Poodle Puppy | Female, 12 weeks | Potty Registered Puppies",Berry,262,YES,https://www.pottyregisteredpuppies.com/puppies/berry-female-2,YES,YES,2,VALID,VALID,YES,VALID,YES,BreadcrumbList + Product,NO,NO,STRONG_INDEXABLE
pippa-female,https://www.pottyregisteredpuppies.com/puppies/pippa-female,pippa-female,Dachshund,Available,"Pippa — Dachshund Puppy | Female, 12 weeks | Potty Registered Puppies",Pippa,263,YES,https://www.pottyregisteredpuppies.com/puppies/pippa-female,YES,YES,2,VALID,VALID,YES,VALID,YES,BreadcrumbList + Product,NO,NO,STRONG_INDEXABLE
bagel-male-2,https://www.pottyregisteredpuppies.com/puppies/bagel-male-2,bagel-male-2,Maltipoo,Available,"Bagel — Maltipoo Puppy | Male, 12 weeks | Potty Registered Puppies",Bagel,265,YES,https://www.pottyregisteredpuppies.com/puppies/bagel-male-2,YES,YES,2,VALID,VALID,YES,VALID,YES,BreadcrumbList + Product,NO,NO,STRONG_INDEXABLE
chloe-female-8,https://www.pottyregisteredpuppies.com/puppies/chloe-female-8,chloe-female-8,Maltipoo,Available,"Chloe — Maltipoo Puppy | Female, 12 weeks | Potty Registered Puppies",Chloe,267,YES,https://www.pottyregisteredpuppies.com/puppies/chloe-female-8,YES,YES,2,VALID,VALID,YES,VALID,YES,BreadcrumbList + Product,NO,NO,STRONG_INDEXABLE
brownie-male,https://www.pottyregisteredpuppies.com/puppies/brownie-male,brownie-male,Pomeranian,Available,"Brownie — Pomeranian Puppy | Male, 12 weeks | Potty Registered Puppies",Brownie,271,YES,https://www.pottyregisteredpuppies.com/puppies/brownie-male,YES,YES,2,VALID,VALID,YES,VALID,YES,BreadcrumbList + Product,NO,NO,STRONG_INDEXABLE
diana-female-5,https://www.pottyregisteredpuppies.com/puppies/diana-female-5,diana-female-5,Pomeranian,Available,"Diana — Pomeranian Puppy | Female, 12 weeks | Potty Registered Puppies",Diana,261,YES,https://www.pottyregisteredpuppies.com/puppies/diana-female-5,YES,YES,2,VALID,VALID,YES,VALID,YES,BreadcrumbList + Product,NO,NO,STRONG_INDEXABLE
oscar-male-5,https://www.pottyregisteredpuppies.com/puppies/oscar-male-5,oscar-male-5,Pomsky,Available,"Oscar — Pomsky Puppy | Male, 12 weeks | Potty Registered Puppies",Oscar,270,YES,https://www.pottyregisteredpuppies.com/puppies/oscar-male-5,YES,YES,2,VALID,VALID,YES,VALID,YES,BreadcrumbList + Product,NO,NO,STRONG_INDEXABLE
vivi-female-1,https://www.pottyregisteredpuppies.com/puppies/vivi-female-1,vivi-female-1,Maltipoo,Available,"Vivi — Maltipoo Puppy | Female, 12 weeks | Potty Registered Puppies",Vivi,265,YES,https://www.pottyregisteredpuppies.com/puppies/vivi-female-1,YES,YES,2,VALID,VALID,YES,VALID,YES,BreadcrumbList + Product,NO,NO,STRONG_INDEXABLE
grace-female-3,https://www.pottyregisteredpuppies.com/puppies/grace-female-3,grace-female-3,Maltese,Available,"Grace — Maltese Puppy | Female, 20 weeks | Potty Registered Puppies",Grace,260,YES,https://www.pottyregisteredpuppies.com/puppies/grace-female-3,YES,YES,2,VALID,VALID,YES,VALID,YES,BreadcrumbList + Product,NO,NO,STRONG_INDEXABLE
nugget-male-2,https://www.pottyregisteredpuppies.com/puppies/nugget-male-2,nugget-male-2,Poodle,Available,"Nugget — Poodle Puppy | Male, 12 weeks | Potty Registered Puppies",Nugget,262,YES,https://www.pottyregisteredpuppies.com/puppies/nugget-male-2,YES,YES,2,VALID,VALID,YES,VALID,YES,BreadcrumbList + Product,NO,NO,STRONG_INDEXABLE
theo-male-3,https://www.pottyregisteredpuppies.com/puppies/theo-male-3,theo-male-3,Pomeranian,Available,"Theo — Pomeranian Puppy | Male, 12 weeks | Potty Registered Puppies",Theo,257,YES,https://www.pottyregisteredpuppies.com/puppies/theo-male-3,YES,YES,2,VALID,VALID,YES,VALID,YES,BreadcrumbList + Product,NO,NO,STRONG_INDEXABLE
panda-male-1,https://www.pottyregisteredpuppies.com/puppies/panda-male-1,panda-male-1,Maltitzu,Available,"Panda — Maltitzu Puppy | Male, 24 weeks | Potty Registered Puppies",Panda,264,YES,https://www.pottyregisteredpuppies.com/puppies/panda-male-1,YES,YES,2,VALID,VALID,YES,VALID,YES,BreadcrumbList + Product,NO,NO,STRONG_INDEXABLE
esme-female-3,https://www.pottyregisteredpuppies.com/puppies/esme-female-3,esme-female-3,Maltipoo,Available,"Esme — Maltipoo Puppy | Female, 12 weeks | Potty Registered Puppies",Esme,265,YES,https://www.pottyregisteredpuppies.com/puppies/esme-female-3,YES,YES,2,VALID,VALID,YES,VALID,YES,BreadcrumbList + Product,NO,NO,STRONG_INDEXABLE
ewan-male-6,https://www.pottyregisteredpuppies.com/puppies/ewan-male-6,ewan-male-6,Maltipoo,Available,"Ewan — Maltipoo Puppy | Male, 12 weeks | Potty Registered Puppies",Ewan,263,YES,https://www.pottyregisteredpuppies.com/puppies/ewan-male-6,YES,YES,2,VALID,VALID,YES,VALID,YES,BreadcrumbList + Product,NO,NO,STRONG_INDEXABLE
sienna-female-3,https://www.pottyregisteredpuppies.com/puppies/sienna-female-3,sienna-female-3,Poodle,Available,"Sienna — Poodle Puppy | Female, 12 weeks | Potty Registered Puppies",Sienna,264,YES,https://www.pottyregisteredpuppies.com/puppies/sienna-female-3,YES,YES,2,VALID,VALID,YES,VALID,YES,BreadcrumbList + Product,NO,NO,STRONG_INDEXABLE
puffin-female-4,https://www.pottyregisteredpuppies.com/puppies/puffin-female-4,puffin-female-4,Pomeranian,Available,"Puffin — Pomeranian Puppy | Female, 12 weeks | Potty Registered Puppies",Puffin,263,YES,https://www.pottyregisteredpuppies.com/puppies/puffin-female-4,YES,YES,2,VALID,VALID,YES,VALID,YES,BreadcrumbList + Product,NO,NO,STRONG_INDEXABLE
bomi-male,https://www.pottyregisteredpuppies.com/puppies/bomi-male,bomi-male,Coton De Tulear,Available,"Bomi — Coton De Tulear Puppy | Male, 20 weeks | Potty Registered Puppies",Bomi,263,YES,https://www.pottyregisteredpuppies.com/puppies/bomi-male,YES,YES,2,VALID,VALID,YES,VALID,YES,BreadcrumbList + Product,NO,NO,STRONG_INDEXABLE
aaron-male-2,https://www.pottyregisteredpuppies.com/puppies/aaron-male-2,aaron-male-2,Maltipom,Available,"Aaron — Maltipom Puppy | Male, 12 weeks | Potty Registered Puppies",Aaron,259,YES,https://www.pottyregisteredpuppies.com/puppies/aaron-male-2,YES,YES,2,VALID,VALID,YES,VALID,YES,BreadcrumbList + Product,NO,NO,STRONG_INDEXABLE
amelia-female-6,https://www.pottyregisteredpuppies.com/puppies/amelia-female-6,amelia-female-6,Poodle,Available,"Amelia — Poodle Puppy | Female, 12 weeks | Potty Registered Puppies",Amelia,266,YES,https://www.pottyregisteredpuppies.com/puppies/amelia-female-6,YES,YES,2,VALID,VALID,YES,VALID,YES,BreadcrumbList + Product,NO,NO,STRONG_INDEXABLE
rocko-male-2,https://www.pottyregisteredpuppies.com/puppies/rocko-male-2,rocko-male-2,Morkie,Available,"Rocko — Morkie Puppy | Male, 20 weeks | Potty Registered Puppies",Rocko,264,YES,https://www.pottyregisteredpuppies.com/puppies/rocko-male-2,YES,YES,2,VALID,VALID,YES,VALID,YES,BreadcrumbList + Product,NO,NO,STRONG_INDEXABLE
berry-female-1,https://www.pottyregisteredpuppies.com/puppies/berry-female-1,berry-female-1,Poodle,Available,"Berry — Poodle Puppy | Female, 12 weeks | Potty Registered Puppies",Berry,262,YES,https://www.pottyregisteredpuppies.com/puppies/berry-female-1,YES,YES,2,VALID,VALID,YES,VALID,YES,BreadcrumbList + Product,NO,NO,STRONG_INDEXABLE
aspen-male-4,https://www.pottyregisteredpuppies.com/puppies/aspen-male-4,aspen-male-4,Pomeranian,Available,"Aspen — Pomeranian Puppy | Male, 12 weeks | Potty Registered Puppies",Aspen,264,YES,https://www.pottyregisteredpuppies.com/puppies/aspen-male-4,YES,YES,2,VALID,VALID,YES,VALID,YES,BreadcrumbList + Product,NO,NO,STRONG_INDEXABLE
toto-male-2,https://www.pottyregisteredpuppies.com/puppies/toto-male-2,toto-male-2,Maltese,Available,"Toto — Maltese Puppy | Male, 20 weeks | Potty Registered Puppies",Toto,256,YES,https://www.pottyregisteredpuppies.com/puppies/toto-male-2,YES,YES,2,VALID,VALID,YES,VALID,YES,BreadcrumbList + Product,NO,NO,STRONG_INDEXABLE
velvet-female-4,https://www.pottyregisteredpuppies.com/puppies/velvet-female-4,velvet-female-4,Poodle,Available,"Velvet — Poodle Puppy | Female, 12 weeks | Potty Registered Puppies",Velvet,264,YES,https://www.pottyregisteredpuppies.com/puppies/velvet-female-4,YES,YES,2,VALID,VALID,YES,VALID,YES,BreadcrumbList + Product,NO,NO,STRONG_INDEXABLE
boomer-male-1,https://www.pottyregisteredpuppies.com/puppies/boomer-male-1,boomer-male-1,Maltipoo,Available,"Boomer — Maltipoo Puppy | Male, 12 weeks | Potty Registered Puppies",Boomer,271,YES,https://www.pottyregisteredpuppies.com/puppies/boomer-male-1,YES,YES,2,VALID,VALID,YES,VALID,YES,BreadcrumbList + Product,NO,NO,STRONG_INDEXABLE
chloe-female-6,https://www.pottyregisteredpuppies.com/puppies/chloe-female-6,chloe-female-6,Maltipoo,Available,"Chloe — Maltipoo Puppy | Female, 12 weeks | Potty Registered Puppies",Chloe,273,YES,https://www.pottyregisteredpuppies.com/puppies/chloe-female-6,YES,YES,2,VALID,VALID,YES,VALID,YES,BreadcrumbList + Product,NO,NO,STRONG_INDEXABLE
austin-male-2,https://www.pottyregisteredpuppies.com/puppies/austin-male-2,austin-male-2,Maltipoo,Available,"Austin — Maltipoo Puppy | Male, 12 weeks | Potty Registered Puppies",Austin,273,YES,https://www.pottyregisteredpuppies.com/puppies/austin-male-2,YES,YES,2,VALID,VALID,YES,VALID,YES,BreadcrumbList + Product,NO,NO,STRONG_INDEXABLE
kyle-male-5,https://www.pottyregisteredpuppies.com/puppies/kyle-male-5,kyle-male-5,Pomeranian,Available,"Kyle — Pomeranian Puppy | Male, 12 weeks | Potty Registered Puppies",Kyle,257,YES,https://www.pottyregisteredpuppies.com/puppies/kyle-male-5,YES,YES,2,VALID,VALID,YES,VALID,YES,BreadcrumbList + Product,NO,NO,STRONG_INDEXABLE
mochi-female-6,https://www.pottyregisteredpuppies.com/puppies/mochi-female-6,mochi-female-6,Pomeranian,Available,"Mochi — Pomeranian Puppy | Female, 12 weeks | Potty Registered Puppies",Mochi,261,YES,https://www.pottyregisteredpuppies.com/puppies/mochi-female-6,YES,YES,2,VALID,VALID,YES,VALID,YES,BreadcrumbList + Product,NO,NO,STRONG_INDEXABLE
agatha-female-3,https://www.pottyregisteredpuppies.com/puppies/agatha-female-3,agatha-female-3,Poodle,Available,"Agatha — Poodle Puppy | Female, 12 weeks | Potty Registered Puppies",Agatha,266,YES,https://www.pottyregisteredpuppies.com/puppies/agatha-female-3,YES,YES,2,VALID,VALID,YES,VALID,YES,BreadcrumbList + Product,NO,NO,STRONG_INDEXABLE
lulu-female,https://www.pottyregisteredpuppies.com/puppies/lulu-female,lulu-female,Maltipoo,Available,"Lulu — Maltipoo Puppy | Female, 12 weeks | Potty Registered Puppies",Lulu,271,YES,https://www.pottyregisteredpuppies.com/puppies/lulu-female,YES,YES,2,VALID,VALID,YES,VALID,YES,BreadcrumbList + Product,NO,NO,STRONG_INDEXABLE
noah-male,https://www.pottyregisteredpuppies.com/puppies/noah-male,noah-male,Maltipoo,Available,"Noah — Maltipoo Puppy | Male, 12 weeks | Potty Registered Puppies",Noah,263,YES,https://www.pottyregisteredpuppies.com/puppies/noah-male,YES,YES,2,VALID,VALID,YES,VALID,YES,BreadcrumbList + Product,NO,NO,STRONG_INDEXABLE
suki-female,https://www.pottyregisteredpuppies.com/puppies/suki-female,suki-female,Pomeranian,Available,"Suki — Pomeranian Puppy | Female, 12 weeks | Potty Registered Puppies",Suki,264,YES,https://www.pottyregisteredpuppies.com/puppies/suki-female,YES,YES,2,VALID,VALID,YES,VALID,YES,BreadcrumbList + Product,NO,NO,STRONG_INDEXABLE
mitch-male-2,https://www.pottyregisteredpuppies.com/puppies/mitch-male-2,mitch-male-2,Poodle,Available,"Mitch — Poodle Puppy | Male, 12 weeks | Potty Registered Puppies",Mitch,266,YES,https://www.pottyregisteredpuppies.com/puppies/mitch-male-2,YES,YES,2,VALID,VALID,YES,VALID,YES,BreadcrumbList + Product,NO,NO,STRONG_INDEXABLE
lala-female-5,https://www.pottyregisteredpuppies.com/puppies/lala-female-5,lala-female-5,Maltipoo,Available,"Lala — Maltipoo Puppy | Female, 12 weeks | Potty Registered Puppies",Lala,265,YES,https://www.pottyregisteredpuppies.com/puppies/lala-female-5,YES,YES,2,VALID,VALID,YES,VALID,YES,BreadcrumbList + Product,NO,NO,STRONG_INDEXABLE
luca-male,https://www.pottyregisteredpuppies.com/puppies/luca-male,luca-male,Mame Shiba,Available,"Luca — Mame Shiba Puppy | Male, 12 weeks | Potty Registered Puppies",Luca,260,YES,https://www.pottyregisteredpuppies.com/puppies/luca-male,YES,YES,2,VALID,VALID,YES,VALID,YES,BreadcrumbList + Product,NO,NO,STRONG_INDEXABLE
isla-female,https://www.pottyregisteredpuppies.com/puppies/isla-female,isla-female,Maltese,Available,"Isla — Maltese Puppy | Female, 24 weeks | Potty Registered Puppies",Isla,258,YES,https://www.pottyregisteredpuppies.com/puppies/isla-female,YES,YES,2,VALID,VALID,YES,VALID,YES,BreadcrumbList + Product,NO,NO,STRONG_INDEXABLE
diana-female-4,https://www.pottyregisteredpuppies.com/puppies/diana-female-4,diana-female-4,Pomeranian,Available,"Diana — Pomeranian Puppy | Female, 12 weeks | Potty Registered Puppies",Diana,261,YES,https://www.pottyregisteredpuppies.com/puppies/diana-female-4,YES,YES,2,VALID,VALID,YES,VALID,YES,BreadcrumbList + Product,NO,NO,STRONG_INDEXABLE
jennie-female-2,https://www.pottyregisteredpuppies.com/puppies/jennie-female-2,jennie-female-2,Poodle,Available,"Jennie — Poodle Puppy | Female, 12 weeks | Potty Registered Puppies",Jennie,264,YES,https://www.pottyregisteredpuppies.com/puppies/jennie-female-2,YES,YES,2,VALID,VALID,YES,VALID,YES,BreadcrumbList + Product,NO,NO,STRONG_INDEXABLE
gigi-female-6,https://www.pottyregisteredpuppies.com/puppies/gigi-female-6,gigi-female-6,Maltipoo,Available,"Gigi — Maltipoo Puppy | Female, 12 weeks | Potty Registered Puppies",Gigi,265,YES,https://www.pottyregisteredpuppies.com/puppies/gigi-female-6,YES,YES,2,VALID,VALID,YES,VALID,YES,BreadcrumbList + Product,NO,NO,STRONG_INDEXABLE
celine-female-1,https://www.pottyregisteredpuppies.com/puppies/celine-female-1,celine-female-1,Maltipoo,Available,"Celine — Maltipoo Puppy | Female, 12 weeks | Potty Registered Puppies",Celine,269,YES,https://www.pottyregisteredpuppies.com/puppies/celine-female-1,YES,YES,2,VALID,VALID,YES,VALID,YES,BreadcrumbList + Product,NO,NO,STRONG_INDEXABLE
sylvie-female,https://www.pottyregisteredpuppies.com/puppies/sylvie-female,sylvie-female,Poodle,Available,"Sylvie — Poodle Puppy | Female, 32 weeks | Potty Registered Puppies",Sylvie,278,YES,https://www.pottyregisteredpuppies.com/puppies/sylvie-female,YES,YES,2,VALID,VALID,YES,VALID,YES,BreadcrumbList + Product,NO,NO,STRONG_INDEXABLE
chanel-female-3,https://www.pottyregisteredpuppies.com/puppies/chanel-female-3,chanel-female-3,Yorkie,Available,"Chanel — Yorkie Puppy | Female, 20 weeks | Potty Registered Puppies",Chanel,273,YES,https://www.pottyregisteredpuppies.com/puppies/chanel-female-3,YES,YES,2,VALID,VALID,YES,VALID,YES,BreadcrumbList + Product,NO,NO,STRONG_INDEXABLE
isabella-female-2,https://www.pottyregisteredpuppies.com/puppies/isabella-female-2,isabella-female-2,Poodle,Available,"Isabella — Poodle Puppy | Female, 12 weeks | Potty Registered Puppies",Isabella,272,YES,https://www.pottyregisteredpuppies.com/puppies/isabella-female-2,YES,YES,2,VALID,VALID,YES,VALID,YES,BreadcrumbList + Product,NO,NO,STRONG_INDEXABLE
amber-female-1,https://www.pottyregisteredpuppies.com/puppies/amber-female-1,amber-female-1,Poodle,Available,"Amber — Poodle Puppy | Female, 12 weeks | Potty Registered Puppies",Amber,262,YES,https://www.pottyregisteredpuppies.com/puppies/amber-female-1,YES,YES,2,VALID,VALID,YES,VALID,YES,BreadcrumbList + Product,NO,NO,STRONG_INDEXABLE
noa-female,https://www.pottyregisteredpuppies.com/puppies/noa-female,noa-female,Coton De Tulear,Available,"Noa — Coton De Tulear Puppy | Female, 12 weeks | Potty Registered Puppies",Noa,263,YES,https://www.pottyregisteredpuppies.com/puppies/noa-female,YES,YES,2,VALID,VALID,YES,VALID,YES,BreadcrumbList + Product,NO,NO,STRONG_INDEXABLE
arthur-male-2,https://www.pottyregisteredpuppies.com/puppies/arthur-male-2,arthur-male-2,Coton De Tulear,Available,"Arthur — Coton De Tulear Puppy | Male, 12 weeks | Potty Registered Puppies",Arthur,267,YES,https://www.pottyregisteredpuppies.com/puppies/arthur-male-2,YES,YES,2,VALID,VALID,YES,VALID,YES,BreadcrumbList + Product,NO,NO,STRONG_INDEXABLE
maggie-female-5,https://www.pottyregisteredpuppies.com/puppies/maggie-female-5,maggie-female-5,Yorkie,Available,"Maggie — Yorkie Puppy | Female, 20 weeks | Potty Registered Puppies",Maggie,273,YES,https://www.pottyregisteredpuppies.com/puppies/maggie-female-5,YES,YES,2,VALID,VALID,YES,VALID,YES,BreadcrumbList + Product,NO,NO,STRONG_INDEXABLE
nola-female,https://www.pottyregisteredpuppies.com/puppies/nola-female,nola-female,Pomsky,Available,"Nola — Pomsky Puppy | Female, 12 weeks | Potty Registered Puppies",Nola,262,YES,https://www.pottyregisteredpuppies.com/puppies/nola-female,YES,YES,2,VALID,VALID,YES,VALID,YES,BreadcrumbList + Product,NO,NO,STRONG_INDEXABLE
coco-female-reserved-by-rt,https://www.pottyregisteredpuppies.com/puppies/coco-female-reserved-by-rt,coco-female-reserved-by-rt,Maltipoo,Available,"Coco — Maltipoo Puppy | Female, 12 weeks | Potty Registered Puppies",Coco,265,YES,https://www.pottyregisteredpuppies.com/puppies/coco-female-reserved-by-rt,YES,YES,2,VALID,VALID,YES,VALID,YES,BreadcrumbList + Product,NO,NO,STRONG_INDEXABLE
ginger-male,https://www.pottyregisteredpuppies.com/puppies/ginger-male,ginger-male,Poodle,Available,"Ginger — Poodle Puppy | Male, 12 weeks | Potty Registered Puppies",Ginger,264,YES,https://www.pottyregisteredpuppies.com/puppies/ginger-male,YES,YES,2,VALID,VALID,YES,VALID,YES,BreadcrumbList + Product,NO,NO,STRONG_INDEXABLE
ewan-male-5,https://www.pottyregisteredpuppies.com/puppies/ewan-male-5,ewan-male-5,Maltipoo,Available,"Ewan — Maltipoo Puppy | Male, 12 weeks | Potty Registered Puppies",Ewan,263,YES,https://www.pottyregisteredpuppies.com/puppies/ewan-male-5,YES,YES,2,VALID,VALID,YES,VALID,YES,BreadcrumbList + Product,NO,NO,STRONG_INDEXABLE
gisele-female,https://www.pottyregisteredpuppies.com/puppies/gisele-female,gisele-female,Pomeranian,Available,"Gisele — Pomeranian Puppy | Female, 12 weeks | Potty Registered Puppies",Gisele,273,YES,https://www.pottyregisteredpuppies.com/puppies/gisele-female,YES,YES,2,VALID,VALID,YES,VALID,YES,BreadcrumbList + Product,NO,NO,STRONG_INDEXABLE
snow-male,https://www.pottyregisteredpuppies.com/puppies/snow-male,snow-male,Pomeranian,Available,"Marshy — Pomeranian Puppy | Male, 12 weeks | Potty Registered Puppies",Marshy,261,YES,https://www.pottyregisteredpuppies.com/puppies/snow-male,YES,YES,2,VALID,VALID,YES,VALID,YES,BreadcrumbList + Product,NO,NO,STRONG_INDEXABLE
nugget-male-1,https://www.pottyregisteredpuppies.com/puppies/nugget-male-1,nugget-male-1,Poodle,Available,"Nugget — Poodle Puppy | Male, 12 weeks | Potty Registered Puppies",Nugget,262,YES,https://www.pottyregisteredpuppies.com/puppies/nugget-male-1,YES,YES,2,VALID,VALID,YES,VALID,YES,BreadcrumbList + Product,NO,NO,STRONG_INDEXABLE
jennie-female-1,https://www.pottyregisteredpuppies.com/puppies/jennie-female-1,jennie-female-1,Poodle,Available,"Jennie — Poodle Puppy | Female, 12 weeks | Potty Registered Puppies",Jennie,266,YES,https://www.pottyregisteredpuppies.com/puppies/jennie-female-1,YES,YES,2,VALID,VALID,YES,VALID,YES,BreadcrumbList + Product,NO,NO,STRONG_INDEXABLE
luna-female-2,https://www.pottyregisteredpuppies.com/puppies/luna-female-2,luna-female-2,Poodle,Available,"Luna — Poodle Puppy | Female, 12 weeks | Potty Registered Puppies",Luna,260,YES,https://www.pottyregisteredpuppies.com/puppies/luna-female-2,YES,YES,2,VALID,VALID,YES,VALID,YES,BreadcrumbList + Product,NO,NO,STRONG_INDEXABLE
hershey-male-1,https://www.pottyregisteredpuppies.com/puppies/hershey-male-1,hershey-male-1,Maltipoo,Available,"Hershey — Maltipoo Puppy | Male, 12 weeks | Potty Registered Puppies",Hershey,279,YES,https://www.pottyregisteredpuppies.com/puppies/hershey-male-1,YES,YES,2,VALID,VALID,YES,VALID,YES,BreadcrumbList + Product,NO,NO,STRONG_INDEXABLE
butters-male-1,https://www.pottyregisteredpuppies.com/puppies/butters-male-1,butters-male-1,Pomeranian,Available,"Butters — Pomeranian Puppy | Male, 12 weeks | Potty Registered Puppies",Butters,263,YES,https://www.pottyregisteredpuppies.com/puppies/butters-male-1,YES,YES,2,VALID,VALID,YES,VALID,YES,BreadcrumbList + Product,NO,NO,STRONG_INDEXABLE
jessica-female-9,https://www.pottyregisteredpuppies.com/puppies/jessica-female-9,jessica-female-9,Maltipoo,Available,"Jessica — Maltipoo Puppy | Female, 12 weeks | Potty Registered Puppies",Jessica,275,YES,https://www.pottyregisteredpuppies.com/puppies/jessica-female-9,YES,YES,2,VALID,VALID,YES,VALID,YES,BreadcrumbList + Product,NO,NO,STRONG_INDEXABLE
nutella-male,https://www.pottyregisteredpuppies.com/puppies/nutella-male,nutella-male,Pomeranian,Available,"Nutella — Pomeranian Puppy | Male, 12 weeks | Potty Registered Puppies",Nutella,273,YES,https://www.pottyregisteredpuppies.com/puppies/nutella-male,YES,YES,2,VALID,VALID,YES,VALID,YES,BreadcrumbList + Product,NO,NO,STRONG_INDEXABLE
lyra-female-7,https://www.pottyregisteredpuppies.com/puppies/lyra-female-7,lyra-female-7,Maltipoo,Available,"Lyra — Maltipoo Puppy | Female, 12 weeks | Potty Registered Puppies",Lyra,265,YES,https://www.pottyregisteredpuppies.com/puppies/lyra-female-7,YES,YES,2,VALID,VALID,YES,VALID,YES,BreadcrumbList + Product,NO,NO,STRONG_INDEXABLE
stella-female-6,https://www.pottyregisteredpuppies.com/puppies/stella-female-6,stella-female-6,Poodle,Available,"Stella — Poodle Puppy | Female, 12 weeks | Potty Registered Puppies",Stella,264,YES,https://www.pottyregisteredpuppies.com/puppies/stella-female-6,YES,YES,2,VALID,VALID,YES,VALID,YES,BreadcrumbList + Product,NO,NO,STRONG_INDEXABLE
toby-male-copy,https://www.pottyregisteredpuppies.com/puppies/toby-male-copy,toby-male-copy,Shih Zhu,Available,"Toby — Shih Zhu Puppy | Male, 16 weeks | Potty Registered Puppies",Toby,270,YES,https://www.pottyregisteredpuppies.com/puppies/toby-male-copy,YES,YES,2,VALID,VALID,YES,VALID,YES,BreadcrumbList + Product,NO,NO,STRONG_INDEXABLE
selene-female,https://www.pottyregisteredpuppies.com/puppies/selene-female,selene-female,Poodle,Available,"Selene — Poodle Puppy | Female, 12 weeks | Potty Registered Puppies",Selene,266,YES,https://www.pottyregisteredpuppies.com/puppies/selene-female,YES,YES,2,VALID,VALID,YES,VALID,YES,BreadcrumbList + Product,NO,NO,STRONG_INDEXABLE
berry-female,https://www.pottyregisteredpuppies.com/puppies/berry-female,berry-female,Poodle,Available,"Berry — Poodle Puppy | Female, 12 weeks | Potty Registered Puppies",Berry,262,YES,https://www.pottyregisteredpuppies.com/puppies/berry-female,YES,YES,2,VALID,VALID,YES,VALID,YES,BreadcrumbList + Product,NO,NO,STRONG_INDEXABLE
myles-male-4,https://www.pottyregisteredpuppies.com/puppies/myles-male-4,myles-male-4,Maltipoo,Available,"Myles — Maltipoo Puppy | Male, 12 weeks | Potty Registered Puppies",Myles,265,YES,https://www.pottyregisteredpuppies.com/puppies/myles-male-4,YES,YES,2,VALID,VALID,YES,VALID,YES,BreadcrumbList + Product,NO,NO,STRONG_INDEXABLE
sienna-female-2,https://www.pottyregisteredpuppies.com/puppies/sienna-female-2,sienna-female-2,Poodle,Available,"Sienna — Poodle Puppy | Female, 12 weeks | Potty Registered Puppies",Sienna,264,YES,https://www.pottyregisteredpuppies.com/puppies/sienna-female-2,YES,YES,2,VALID,VALID,YES,VALID,YES,BreadcrumbList + Product,NO,NO,STRONG_INDEXABLE
felix-male-1,https://www.pottyregisteredpuppies.com/puppies/felix-male-1,felix-male-1,Poodle,Available,"Felix — Poodle Puppy | Male, 12 weeks | Potty Registered Puppies",Felix,260,YES,https://www.pottyregisteredpuppies.com/puppies/felix-male-1,YES,YES,2,VALID,VALID,YES,VALID,YES,BreadcrumbList + Product,NO,NO,STRONG_INDEXABLE
taylor-male-2,https://www.pottyregisteredpuppies.com/puppies/taylor-male-2,taylor-male-2,Pomeranian,Available,"Taylor — Pomeranian Puppy | Male, 12 weeks | Potty Registered Puppies",Taylor,261,YES,https://www.pottyregisteredpuppies.com/puppies/taylor-male-2,YES,YES,2,VALID,VALID,YES,VALID,YES,BreadcrumbList + Product,NO,NO,STRONG_INDEXABLE
monty-male-5,https://www.pottyregisteredpuppies.com/puppies/monty-male-5,monty-male-5,Poodle,Available,"Monty — Poodle Puppy | Male, 12 weeks | Potty Registered Puppies",Monty,264,YES,https://www.pottyregisteredpuppies.com/puppies/monty-male-5,YES,YES,2,VALID,VALID,YES,VALID,YES,BreadcrumbList + Product,NO,NO,STRONG_INDEXABLE
bianca-female-1,https://www.pottyregisteredpuppies.com/puppies/bianca-female-1,bianca-female-1,Coton De Tulear,Available,"Bianca — Coton De Tulear Puppy | Female, 12 weeks | Potty Registered Puppies",Bianca,269,YES,https://www.pottyregisteredpuppies.com/puppies/bianca-female-1,YES,YES,2,VALID,VALID,YES,VALID,YES,BreadcrumbList + Product,NO,NO,STRONG_INDEXABLE
oreo-male-2,https://www.pottyregisteredpuppies.com/puppies/oreo-male-2,oreo-male-2,Maltitzu,Available,"Oreo — Maltitzu Puppy | Male, 12 weeks | Potty Registered Puppies",Oreo,262,YES,https://www.pottyregisteredpuppies.com/puppies/oreo-male-2,YES,YES,2,VALID,VALID,YES,VALID,YES,BreadcrumbList + Product,NO,NO,STRONG_INDEXABLE
coco-female-7,https://www.pottyregisteredpuppies.com/puppies/coco-female-7,coco-female-7,Pomeranian,Available,"Coco — Pomeranian Puppy | Female, 12 weeks | Potty Registered Puppies",Coco,259,YES,https://www.pottyregisteredpuppies.com/puppies/coco-female-7,YES,YES,2,VALID,VALID,YES,VALID,YES,BreadcrumbList + Product,NO,NO,STRONG_INDEXABLE
bambi-female-1,https://www.pottyregisteredpuppies.com/puppies/bambi-female-1,bambi-female-1,Maltipoo,Available,"Bambi — Maltipoo Puppy | Female, 12 weeks | Potty Registered Puppies",Bambi,267,YES,https://www.pottyregisteredpuppies.com/puppies/bambi-female-1,YES,YES,2,VALID,VALID,YES,VALID,YES,BreadcrumbList + Product,NO,NO,STRONG_INDEXABLE
kyle-male-4,https://www.pottyregisteredpuppies.com/puppies/kyle-male-4,kyle-male-4,Pomeranian,Available,"Kyle — Pomeranian Puppy | Male, 12 weeks | Potty Registered Puppies",Kyle,257,YES,https://www.pottyregisteredpuppies.com/puppies/kyle-male-4,YES,YES,2,VALID,VALID,YES,VALID,YES,BreadcrumbList + Product,NO,NO,STRONG_INDEXABLE
snowy-male,https://www.pottyregisteredpuppies.com/puppies/snowy-male,snowy-male,Pomeranian,Available,"Snowy — Pomeranian Puppy | Male, 12 weeks | Potty Registered Puppies",Snowy,259,YES,https://www.pottyregisteredpuppies.com/puppies/snowy-male,YES,YES,2,VALID,VALID,YES,VALID,YES,BreadcrumbList + Product,NO,NO,STRONG_INDEXABLE
amber-female,https://www.pottyregisteredpuppies.com/puppies/amber-female,amber-female,Poodle,Available,"Amber — Poodle Puppy | Female, 12 weeks | Potty Registered Puppies",Amber,262,YES,https://www.pottyregisteredpuppies.com/puppies/amber-female,YES,YES,2,VALID,VALID,YES,VALID,YES,BreadcrumbList + Product,NO,NO,STRONG_INDEXABLE
chase-male,https://www.pottyregisteredpuppies.com/puppies/chase-male,chase-male,Doodle,Available,"Chase — Doodle Puppy | Male, 12 weeks | Potty Registered Puppies",Chase,268,YES,https://www.pottyregisteredpuppies.com/puppies/chase-male,YES,YES,2,VALID,VALID,YES,VALID,YES,BreadcrumbList + Product,NO,NO,STRONG_INDEXABLE
sienna-female-1,https://www.pottyregisteredpuppies.com/puppies/sienna-female-1,sienna-female-1,Poodle,Available,"Sienna — Poodle Puppy | Female, 12 weeks | Potty Registered Puppies",Sienna,264,YES,https://www.pottyregisteredpuppies.com/puppies/sienna-female-1,YES,YES,2,VALID,VALID,YES,VALID,YES,BreadcrumbList + Product,NO,NO,STRONG_INDEXABLE
toby-male-8,https://www.pottyregisteredpuppies.com/puppies/toby-male-8,toby-male-8,Poodle,Available,"Toby — Poodle Puppy | Male, 12 weeks | Potty Registered Puppies",Toby,260,YES,https://www.pottyregisteredpuppies.com/puppies/toby-male-8,YES,YES,2,VALID,VALID,YES,VALID,YES,BreadcrumbList + Product,NO,NO,STRONG_INDEXABLE
vivi-female,https://www.pottyregisteredpuppies.com/puppies/vivi-female,vivi-female,Maltipoo,Available,"Vivi — Maltipoo Puppy | Female, 12 weeks | Potty Registered Puppies",Vivi,265,YES,https://www.pottyregisteredpuppies.com/puppies/vivi-female,YES,YES,2,VALID,VALID,YES,VALID,YES,BreadcrumbList + Product,NO,NO,STRONG_INDEXABLE
mochi-female-5,https://www.pottyregisteredpuppies.com/puppies/mochi-female-5,mochi-female-5,Poodle,Available,"Mochi — Poodle Puppy | Female, 12 weeks | Potty Registered Puppies",Mochi,264,YES,https://www.pottyregisteredpuppies.com/puppies/mochi-female-5,YES,YES,2,VALID,VALID,YES,VALID,YES,BreadcrumbList + Product,NO,NO,STRONG_INDEXABLE
charlotte-female,https://www.pottyregisteredpuppies.com/puppies/charlotte-female,charlotte-female,Cavalier King Charles Spaniel,Available,"Charlotte — Cavalier King Charles Spaniel Puppy | Female, 12 weeks | Potty Registered Puppies",Charlotte,295,YES,https://www.pottyregisteredpuppies.com/puppies/charlotte-female,YES,YES,2,VALID,VALID,YES,VALID,YES,BreadcrumbList + Product,NO,NO,STRONG_INDEXABLE
grace-female-2,https://www.pottyregisteredpuppies.com/puppies/grace-female-2,grace-female-2,Yorkie,Available,"Grace — Yorkie Puppy | Female, 12 weeks | Potty Registered Puppies",Grace,271,YES,https://www.pottyregisteredpuppies.com/puppies/grace-female-2,YES,YES,2,VALID,VALID,YES,VALID,YES,BreadcrumbList + Product,NO,NO,STRONG_INDEXABLE
onyx-male-1,https://www.pottyregisteredpuppies.com/puppies/onyx-male-1,onyx-male-1,Pomeranian,Available,"Onyx — Pomeranian Puppy | Male, 24 weeks | Potty Registered Puppies",Onyx,261,YES,https://www.pottyregisteredpuppies.com/puppies/onyx-male-1,YES,YES,2,VALID,VALID,YES,VALID,YES,BreadcrumbList + Product,NO,NO,STRONG_INDEXABLE
nala-female-1,https://www.pottyregisteredpuppies.com/puppies/nala-female-1,nala-female-1,Poodle,Available,"Nala — Poodle Puppy | Female, 12 weeks | Potty Registered Puppies",Nala,263,YES,https://www.pottyregisteredpuppies.com/puppies/nala-female-1,YES,YES,2,VALID,VALID,YES,VALID,YES,BreadcrumbList + Product,NO,NO,STRONG_INDEXABLE
dior-female,https://www.pottyregisteredpuppies.com/puppies/dior-female,dior-female,Maltipoo,Available,"Dior — Maltipoo Puppy | Female, 12 weeks | Potty Registered Puppies",Dior,265,YES,https://www.pottyregisteredpuppies.com/puppies/dior-female,YES,YES,2,VALID,VALID,YES,VALID,YES,BreadcrumbList + Product,NO,NO,STRONG_INDEXABLE
finn-male-1,https://www.pottyregisteredpuppies.com/puppies/finn-male-1,finn-male-1,Coton De Tulear,Available,"Finn — Coton De Tulear Puppy | Male, 12 weeks | Potty Registered Puppies",Finn,263,YES,https://www.pottyregisteredpuppies.com/puppies/finn-male-1,YES,YES,2,VALID,VALID,YES,VALID,YES,BreadcrumbList + Product,NO,NO,STRONG_INDEXABLE
marble-male,https://www.pottyregisteredpuppies.com/puppies/marble-male,marble-male,Pomeranian,Available,"Marble — Pomeranian Puppy | Male, 32 weeks | Potty Registered Puppies",Marble,266,YES,https://www.pottyregisteredpuppies.com/puppies/marble-male,YES,YES,2,VALID,VALID,YES,VALID,YES,BreadcrumbList + Product,NO,NO,STRONG_INDEXABLE
diana-female-3,https://www.pottyregisteredpuppies.com/puppies/diana-female-3,diana-female-3,Pomeranian,Available,"Diana — Pomeranian Puppy | Female, 12 weeks | Potty Registered Puppies",Diana,261,YES,https://www.pottyregisteredpuppies.com/puppies/diana-female-3,YES,YES,2,VALID,VALID,YES,VALID,YES,BreadcrumbList + Product,NO,NO,STRONG_INDEXABLE
sterling-male-1,https://www.pottyregisteredpuppies.com/puppies/sterling-male-1,sterling-male-1,Maltipoo,Available,"Sterling — Maltipoo Puppy | Male, 12 weeks | Potty Registered Puppies",Sterling,276,YES,https://www.pottyregisteredpuppies.com/puppies/sterling-male-1,YES,YES,2,VALID,VALID,YES,VALID,YES,BreadcrumbList + Product,NO,NO,STRONG_INDEXABLE
noir-male,https://www.pottyregisteredpuppies.com/puppies/noir-male,noir-male,Pomeranian,Available,"Noir — Pomeranian Puppy | Male, 12 weeks | Potty Registered Puppies",Noir,257,YES,https://www.pottyregisteredpuppies.com/puppies/noir-male,YES,YES,2,VALID,VALID,YES,VALID,YES,BreadcrumbList + Product,NO,NO,STRONG_INDEXABLE
velvet-female-3,https://www.pottyregisteredpuppies.com/puppies/velvet-female-3,velvet-female-3,Poodle,Available,"Velvet — Poodle Puppy | Female, 12 weeks | Potty Registered Puppies",Velvet,264,YES,https://www.pottyregisteredpuppies.com/puppies/velvet-female-3,YES,YES,2,VALID,VALID,YES,VALID,YES,BreadcrumbList + Product,NO,NO,STRONG_INDEXABLE
bennett-male,https://www.pottyregisteredpuppies.com/puppies/bennett-male,bennett-male,Poodle,Available,"Bennett — Poodle Puppy | Male, 12 weeks | Potty Registered Puppies",Bennett,266,YES,https://www.pottyregisteredpuppies.com/puppies/bennett-male,YES,YES,2,VALID,VALID,YES,VALID,YES,BreadcrumbList + Product,NO,NO,STRONG_INDEXABLE
henry-male,https://www.pottyregisteredpuppies.com/puppies/henry-male,henry-male,Yorkie,Available,"Henry — Yorkie Puppy | Male, 12 weeks | Potty Registered Puppies",Henry,269,YES,https://www.pottyregisteredpuppies.com/puppies/henry-male,YES,YES,2,VALID,VALID,YES,VALID,YES,BreadcrumbList + Product,NO,NO,STRONG_INDEXABLE
nico-male,https://www.pottyregisteredpuppies.com/puppies/nico-male,nico-male,Biewer Terrier,Available,"Nico — Biewer Terrier Puppy | Male, 12 weeks | Potty Registered Puppies",Nico,275,YES,https://www.pottyregisteredpuppies.com/puppies/nico-male,YES,YES,2,VALID,VALID,YES,VALID,YES,BreadcrumbList + Product,NO,NO,STRONG_INDEXABLE
butters-female,https://www.pottyregisteredpuppies.com/puppies/butters-female,butters-female,Pomeranian,Available,"Butters — Pomeranian Puppy | Female, 12 weeks | Potty Registered Puppies",Butters,271,YES,https://www.pottyregisteredpuppies.com/puppies/butters-female,YES,YES,2,VALID,VALID,YES,VALID,YES,BreadcrumbList + Product,NO,NO,STRONG_INDEXABLE
ryder-male,https://www.pottyregisteredpuppies.com/puppies/ryder-male,ryder-male,Pomsky,Available,"Ryder — Pomsky Puppy | Male, 12 weeks | Potty Registered Puppies",Ryder,268,YES,https://www.pottyregisteredpuppies.com/puppies/ryder-male,YES,YES,2,VALID,VALID,YES,VALID,YES,BreadcrumbList + Product,NO,NO,STRONG_INDEXABLE
taffy-female,https://www.pottyregisteredpuppies.com/puppies/taffy-female,taffy-female,Coton De Tulear,Available,"Taffy — Coton De Tulear Puppy | Female, 12 weeks | Potty Registered Puppies",Taffy,267,YES,https://www.pottyregisteredpuppies.com/puppies/taffy-female,YES,YES,2,VALID,VALID,YES,VALID,YES,BreadcrumbList + Product,NO,NO,STRONG_INDEXABLE
marshy-male,https://www.pottyregisteredpuppies.com/puppies/marshy-male,marshy-male,Pomsky,Available,"Marshy — Pomsky Puppy | Male, 16 weeks | Potty Registered Puppies",Marshy,264,YES,https://www.pottyregisteredpuppies.com/puppies/marshy-male,YES,YES,2,VALID,VALID,YES,VALID,YES,BreadcrumbList + Product,NO,NO,STRONG_INDEXABLE
mimi-female,https://www.pottyregisteredpuppies.com/puppies/mimi-female,mimi-female,Chihuahua,Available,"Mimi — Chihuahua Puppy | Female, 20 weeks | Potty Registered Puppies",Mimi,260,YES,https://www.pottyregisteredpuppies.com/puppies/mimi-female,YES,YES,2,VALID,VALID,YES,VALID,YES,BreadcrumbList + Product,NO,NO,STRONG_INDEXABLE
azure-female,https://www.pottyregisteredpuppies.com/puppies/azure-female,azure-female,Poodle,Available,"Azure — Poodle Puppy | Female, 12 weeks | Potty Registered Puppies",Azure,263,YES,https://www.pottyregisteredpuppies.com/puppies/azure-female,YES,YES,2,VALID,VALID,YES,VALID,YES,BreadcrumbList + Product,NO,NO,STRONG_INDEXABLE
hershey-male,https://www.pottyregisteredpuppies.com/puppies/hershey-male,hershey-male,Pomeranian,Available,"Hershey — Pomeranian Puppy | Male, 12 weeks | Potty Registered Puppies",Hershey,272,YES,https://www.pottyregisteredpuppies.com/puppies/hershey-male,YES,YES,2,VALID,VALID,YES,VALID,YES,BreadcrumbList + Product,NO,NO,STRONG_INDEXABLE
mauve-female,https://www.pottyregisteredpuppies.com/puppies/mauve-female,mauve-female,Frenchie,Available,"Mauve — Frenchie Puppy | Female, 12 weeks | Potty Registered Puppies",Mauve,264,YES,https://www.pottyregisteredpuppies.com/puppies/mauve-female,YES,YES,2,VALID,VALID,YES,VALID,YES,BreadcrumbList + Product,NO,NO,STRONG_INDEXABLE
zoey-female-1,https://www.pottyregisteredpuppies.com/puppies/zoey-female-1,zoey-female-1,Yorkie,Available,"Zoey — Yorkie Puppy | Female, 12 weeks | Potty Registered Puppies",Zoey,263,YES,https://www.pottyregisteredpuppies.com/puppies/zoey-female-1,YES,YES,2,VALID,VALID,YES,VALID,YES,BreadcrumbList + Product,NO,NO,STRONG_INDEXABLE
ziggy-female,https://www.pottyregisteredpuppies.com/puppies/ziggy-female,ziggy-female,Poodle,Available,"Ziggy — Poodle Puppy | Female, 12 weeks | Potty Registered Puppies",Ziggy,262,YES,https://www.pottyregisteredpuppies.com/puppies/ziggy-female,YES,YES,2,VALID,VALID,YES,VALID,YES,BreadcrumbList + Product,NO,NO,STRONG_INDEXABLE
indigo-male,https://www.pottyregisteredpuppies.com/puppies/indigo-male,indigo-male,Pomeranian,Available,"Indigo — Pomeranian Puppy | Male, 12 weeks | Potty Registered Puppies",Indigo,260,YES,https://www.pottyregisteredpuppies.com/puppies/indigo-male,YES,YES,2,VALID,VALID,YES,VALID,YES,BreadcrumbList + Product,NO,NO,STRONG_INDEXABLE
milo-male-9,https://www.pottyregisteredpuppies.com/puppies/milo-male-9,milo-male-9,Biewer Terrier,Available,"Milo — Biewer Terrier Puppy | Male, 16 weeks | Potty Registered Puppies",Milo,275,YES,https://www.pottyregisteredpuppies.com/puppies/milo-male-9,YES,YES,2,VALID,VALID,YES,VALID,YES,BreadcrumbList + Product,NO,NO,STRONG_INDEXABLE
milo-male-8,https://www.pottyregisteredpuppies.com/puppies/milo-male-8,milo-male-8,Poodle,Available,"Milo — Poodle Puppy | Male, 12 weeks | Potty Registered Puppies",Milo,262,YES,https://www.pottyregisteredpuppies.com/puppies/milo-male-8,YES,YES,2,VALID,VALID,YES,VALID,YES,BreadcrumbList + Product,NO,NO,STRONG_INDEXABLE
nova-female-2,https://www.pottyregisteredpuppies.com/puppies/nova-female-2,nova-female-2,Doodle,Available,"Nova — Doodle Puppy | Female, 12 weeks | Potty Registered Puppies",Nova,263,YES,https://www.pottyregisteredpuppies.com/puppies/nova-female-2,YES,YES,2,VALID,VALID,YES,VALID,YES,BreadcrumbList + Product,NO,NO,STRONG_INDEXABLE
rosie-female-2,https://www.pottyregisteredpuppies.com/puppies/rosie-female-2,rosie-female-2,Poodle,Available,"Rosie — Poodle Puppy | Female, 16 weeks | Potty Registered Puppies",Rosie,262,YES,https://www.pottyregisteredpuppies.com/puppies/rosie-female-2,YES,YES,2,VALID,VALID,YES,VALID,YES,BreadcrumbList + Product,NO,NO,STRONG_INDEXABLE
pippa-female-2,https://www.pottyregisteredpuppies.com/puppies/pippa-female-2,pippa-female-2,Maltipoo,Available,"Pippa — Maltipoo Puppy | Female, 24 weeks | Potty Registered Puppies",Pippa,273,YES,https://www.pottyregisteredpuppies.com/puppies/pippa-female-2,YES,YES,2,VALID,VALID,YES,VALID,YES,BreadcrumbList + Product,NO,NO,STRONG_INDEXABLE
esme-female-2,https://www.pottyregisteredpuppies.com/puppies/esme-female-2,esme-female-2,Maltipoo,Available,"Esme — Maltipoo Puppy | Female, 12 weeks | Potty Registered Puppies",Esme,265,YES,https://www.pottyregisteredpuppies.com/puppies/esme-female-2,YES,YES,2,VALID,VALID,YES,VALID,YES,BreadcrumbList + Product,NO,NO,STRONG_INDEXABLE
teddy-female-5,https://www.pottyregisteredpuppies.com/puppies/teddy-female-5,teddy-female-5,Pomeranian,Available,"Teddy — Pomeranian Puppy | Female, 12 weeks | Potty Registered Puppies",Teddy,261,YES,https://www.pottyregisteredpuppies.com/puppies/teddy-female-5,YES,YES,2,VALID,VALID,YES,VALID,YES,BreadcrumbList + Product,NO,NO,STRONG_INDEXABLE
dustin-male-1,https://www.pottyregisteredpuppies.com/puppies/dustin-male-1,dustin-male-1,Bichon Frise,Available,"Dustin — Bichon Frise Puppy | Male, 12 weeks | Potty Registered Puppies",Dustin,266,YES,https://www.pottyregisteredpuppies.com/puppies/dustin-male-1,YES,YES,2,VALID,VALID,YES,VALID,YES,BreadcrumbList + Product,NO,NO,STRONG_INDEXABLE
bentley-male-5,https://www.pottyregisteredpuppies.com/puppies/bentley-male-5,bentley-male-5,Maltese,Available,"Bentley — Maltese Puppy | Male, 12 weeks | Potty Registered Puppies",Bentley,262,YES,https://www.pottyregisteredpuppies.com/puppies/bentley-male-5,YES,YES,2,VALID,VALID,YES,VALID,YES,BreadcrumbList + Product,NO,NO,STRONG_INDEXABLE
koda-male,https://www.pottyregisteredpuppies.com/puppies/koda-male,koda-male,Pomsky,Available,"Koda — Pomsky Puppy | Male, 16 weeks | Potty Registered Puppies",Koda,266,YES,https://www.pottyregisteredpuppies.com/puppies/koda-male,YES,YES,2,VALID,VALID,YES,VALID,YES,BreadcrumbList + Product,NO,NO,STRONG_INDEXABLE
chanel-female-2,https://www.pottyregisteredpuppies.com/puppies/chanel-female-2,chanel-female-2,Maltipoo,Available,"Chanel — Maltipoo Puppy | Female, 12 weeks | Potty Registered Puppies",Chanel,269,YES,https://www.pottyregisteredpuppies.com/puppies/chanel-female-2,YES,YES,2,VALID,VALID,YES,VALID,YES,BreadcrumbList + Product,NO,NO,STRONG_INDEXABLE
dolores-female-3,https://www.pottyregisteredpuppies.com/puppies/dolores-female-3,dolores-female-3,Maltipoo,Available,"Lucy — Maltipoo Puppy | Female, 12 weeks | Potty Registered Puppies",Lucy,263,YES,https://www.pottyregisteredpuppies.com/puppies/dolores-female-3,YES,YES,2,VALID,VALID,YES,VALID,YES,BreadcrumbList + Product,NO,NO,STRONG_INDEXABLE
monty-male-4,https://www.pottyregisteredpuppies.com/puppies/monty-male-4,monty-male-4,Poodle,Available,"Monty — Poodle Puppy | Male, 12 weeks | Potty Registered Puppies",Monty,262,YES,https://www.pottyregisteredpuppies.com/puppies/monty-male-4,YES,YES,2,VALID,VALID,YES,VALID,YES,BreadcrumbList + Product,NO,NO,STRONG_INDEXABLE
emma-female-3,https://www.pottyregisteredpuppies.com/puppies/emma-female-3,emma-female-3,Yorkie,Available,"Emma — Yorkie Puppy | Female, 12 weeks | Potty Registered Puppies",Emma,269,YES,https://www.pottyregisteredpuppies.com/puppies/emma-female-3,YES,YES,2,VALID,VALID,YES,VALID,YES,BreadcrumbList + Product,NO,NO,STRONG_INDEXABLE
theo-male-2,https://www.pottyregisteredpuppies.com/puppies/theo-male-2,theo-male-2,Coton De Tulear,Available,"Theo — Coton De Tulear Puppy | Male, 12 weeks | Potty Registered Puppies",Theo,263,YES,https://www.pottyregisteredpuppies.com/puppies/theo-male-2,YES,YES,2,VALID,VALID,YES,VALID,YES,BreadcrumbList + Product,NO,NO,STRONG_INDEXABLE
lala-female-4,https://www.pottyregisteredpuppies.com/puppies/lala-female-4,lala-female-4,Maltipoo,Available,"Lala — Maltipoo Puppy | Female, 12 weeks | Potty Registered Puppies",Lala,265,YES,https://www.pottyregisteredpuppies.com/puppies/lala-female-4,YES,YES,2,VALID,VALID,YES,VALID,YES,BreadcrumbList + Product,NO,NO,STRONG_INDEXABLE
sandy-male,https://www.pottyregisteredpuppies.com/puppies/sandy-male,sandy-male,Pomeranian,Available,"Sandy — Pomeranian Puppy | Male, 20 weeks | Potty Registered Puppies",Sandy,265,YES,https://www.pottyregisteredpuppies.com/puppies/sandy-male,YES,YES,2,VALID,VALID,YES,VALID,YES,BreadcrumbList + Product,NO,NO,STRONG_INDEXABLE
stella-female-5,https://www.pottyregisteredpuppies.com/puppies/stella-female-5,stella-female-5,Maltipoo,Available,"Stella — Maltipoo Puppy | Female, 12 weeks | Potty Registered Puppies",Stella,276,YES,https://www.pottyregisteredpuppies.com/puppies/stella-female-5,YES,YES,2,VALID,VALID,YES,VALID,YES,BreadcrumbList + Product,NO,NO,STRONG_INDEXABLE
sienna-female,https://www.pottyregisteredpuppies.com/puppies/sienna-female,sienna-female,Poodle,Available,"Sienna — Poodle Puppy | Female, 12 weeks | Potty Registered Puppies",Sienna,264,YES,https://www.pottyregisteredpuppies.com/puppies/sienna-female,YES,YES,2,VALID,VALID,YES,VALID,YES,BreadcrumbList + Product,NO,NO,STRONG_INDEXABLE
taylor-male-1,https://www.pottyregisteredpuppies.com/puppies/taylor-male-1,taylor-male-1,Pomeranian,Available,"Taylor — Pomeranian Puppy | Male, 12 weeks | Potty Registered Puppies",Taylor,261,YES,https://www.pottyregisteredpuppies.com/puppies/taylor-male-1,YES,YES,2,VALID,VALID,YES,VALID,YES,BreadcrumbList + Product,NO,NO,STRONG_INDEXABLE
lyra-female-6,https://www.pottyregisteredpuppies.com/puppies/lyra-female-6,lyra-female-6,Maltipoo,Available,"Lyra — Maltipoo Puppy | Female, 12 weeks | Potty Registered Puppies",Lyra,265,YES,https://www.pottyregisteredpuppies.com/puppies/lyra-female-6,YES,YES,2,VALID,VALID,YES,VALID,YES,BreadcrumbList + Product,NO,NO,STRONG_INDEXABLE
luna-female-1,https://www.pottyregisteredpuppies.com/puppies/luna-female-1,luna-female-1,Yorkie,Available,"Luna — Yorkie Puppy | Female, 12 weeks | Potty Registered Puppies",Luna,265,YES,https://www.pottyregisteredpuppies.com/puppies/luna-female-1,YES,YES,2,VALID,VALID,YES,VALID,YES,BreadcrumbList + Product,NO,NO,STRONG_INDEXABLE
cinnamon-female-4,https://www.pottyregisteredpuppies.com/puppies/cinnamon-female-4,cinnamon-female-4,Poodle,Available,"Cinnamon — Poodle Puppy | Female, 12 weeks | Potty Registered Puppies",Cinnamon,268,YES,https://www.pottyregisteredpuppies.com/puppies/cinnamon-female-4,YES,YES,2,VALID,VALID,YES,VALID,YES,BreadcrumbList + Product,NO,NO,STRONG_INDEXABLE
mitch-male-1,https://www.pottyregisteredpuppies.com/puppies/mitch-male-1,mitch-male-1,Poodle,Available,"Mitch — Poodle Puppy | Male, 12 weeks | Potty Registered Puppies",Mitch,260,YES,https://www.pottyregisteredpuppies.com/puppies/mitch-male-1,YES,YES,2,VALID,VALID,YES,VALID,YES,BreadcrumbList + Product,NO,NO,STRONG_INDEXABLE
ewan-male-4,https://www.pottyregisteredpuppies.com/puppies/ewan-male-4,ewan-male-4,Maltipoo,Available,"Ewan — Maltipoo Puppy | Male, 12 weeks | Potty Registered Puppies",Ewan,263,YES,https://www.pottyregisteredpuppies.com/puppies/ewan-male-4,YES,YES,2,VALID,VALID,YES,VALID,YES,BreadcrumbList + Product,NO,NO,STRONG_INDEXABLE
amelia-female-5,https://www.pottyregisteredpuppies.com/puppies/amelia-female-5,amelia-female-5,Poodle,Available,"Amelia — Poodle Puppy | Female, 12 weeks | Potty Registered Puppies",Amelia,264,YES,https://www.pottyregisteredpuppies.com/puppies/amelia-female-5,YES,YES,2,VALID,VALID,YES,VALID,YES,BreadcrumbList + Product,NO,NO,STRONG_INDEXABLE
isabella-female-1,https://www.pottyregisteredpuppies.com/puppies/isabella-female-1,isabella-female-1,Poodle,Available,"Isabella — Poodle Puppy | Female, 12 weeks | Potty Registered Puppies",Isabella,272,YES,https://www.pottyregisteredpuppies.com/puppies/isabella-female-1,YES,YES,2,VALID,VALID,YES,VALID,YES,BreadcrumbList + Product,NO,NO,STRONG_INDEXABLE
toto-male-1,https://www.pottyregisteredpuppies.com/puppies/toto-male-1,toto-male-1,Yorkie,Available,"Toto — Yorkie Puppy | Male, 12 weeks | Potty Registered Puppies",Toto,267,YES,https://www.pottyregisteredpuppies.com/puppies/toto-male-1,YES,YES,2,VALID,VALID,YES,VALID,YES,BreadcrumbList + Product,NO,NO,STRONG_INDEXABLE
puffin-female-3,https://www.pottyregisteredpuppies.com/puppies/puffin-female-3,puffin-female-3,Pomeranian,Available,"Puffin — Pomeranian Puppy | Female, 12 weeks | Potty Registered Puppies",Puffin,263,YES,https://www.pottyregisteredpuppies.com/puppies/puffin-female-3,YES,YES,2,VALID,VALID,YES,VALID,YES,BreadcrumbList + Product,NO,NO,STRONG_INDEXABLE
valentina-female-2,https://www.pottyregisteredpuppies.com/puppies/valentina-female-2,valentina-female-2,Maltese,Available,"Valentina — Maltese Puppy | Female, 12 weeks | Potty Registered Puppies",Valentina,268,YES,https://www.pottyregisteredpuppies.com/puppies/valentina-female-2,YES,YES,2,VALID,VALID,YES,VALID,YES,BreadcrumbList + Product,NO,NO,STRONG_INDEXABLE
mochi-female-4,https://www.pottyregisteredpuppies.com/puppies/mochi-female-4,mochi-female-4,Pomeranian,Available,"Mochi — Pomeranian Puppy | Female, 12 weeks | Potty Registered Puppies",Mochi,261,YES,https://www.pottyregisteredpuppies.com/puppies/mochi-female-4,YES,YES,2,VALID,VALID,YES,VALID,YES,BreadcrumbList + Product,NO,NO,STRONG_INDEXABLE
baxter-male-1,https://www.pottyregisteredpuppies.com/puppies/baxter-male-1,baxter-male-1,Biewer Terrier,Available,"Baxter — Biewer Terrier Puppy | Male, 12 weeks | Potty Registered Puppies",Baxter,279,YES,https://www.pottyregisteredpuppies.com/puppies/baxter-male-1,YES,YES,2,VALID,VALID,YES,VALID,YES,BreadcrumbList + Product,NO,NO,STRONG_INDEXABLE
archie-male,https://www.pottyregisteredpuppies.com/puppies/archie-male,archie-male,Maltese,Available,"Archie — Maltese Puppy | Male, 12 weeks | Potty Registered Puppies",Archie,256,YES,https://www.pottyregisteredpuppies.com/puppies/archie-male,YES,YES,2,VALID,VALID,YES,VALID,YES,BreadcrumbList + Product,NO,NO,STRONG_INDEXABLE
trixie-female,https://www.pottyregisteredpuppies.com/puppies/trixie-female,trixie-female,Doodle,Available,"Trixie — Doodle Puppy | Female, 12 weeks | Potty Registered Puppies",Trixie,272,YES,https://www.pottyregisteredpuppies.com/puppies/trixie-female,YES,YES,2,VALID,VALID,YES,VALID,YES,BreadcrumbList + Product,NO,NO,STRONG_INDEXABLE
chloe-female-5,https://www.pottyregisteredpuppies.com/puppies/chloe-female-5,chloe-female-5,Maltipoo,Available,"Chloe — Maltipoo Puppy | Female, 12 weeks | Potty Registered Puppies",Chloe,267,YES,https://www.pottyregisteredpuppies.com/puppies/chloe-female-5,YES,YES,2,VALID,VALID,YES,VALID,YES,BreadcrumbList + Product,NO,NO,STRONG_INDEXABLE
tory-male-1,https://www.pottyregisteredpuppies.com/puppies/tory-male-1,tory-male-1,Poodle,Available,"Tory — Poodle Puppy | Male, 12 weeks | Potty Registered Puppies",Tory,258,YES,https://www.pottyregisteredpuppies.com/puppies/tory-male-1,YES,YES,2,VALID,VALID,YES,VALID,YES,BreadcrumbList + Product,NO,NO,STRONG_INDEXABLE
zephyr-male,https://www.pottyregisteredpuppies.com/puppies/zephyr-male,zephyr-male,Maltipoo,Available,"Zephyr — Maltipoo Puppy | Male, 12 weeks | Potty Registered Puppies",Zephyr,267,YES,https://www.pottyregisteredpuppies.com/puppies/zephyr-male,YES,YES,2,VALID,VALID,YES,VALID,YES,BreadcrumbList + Product,NO,NO,STRONG_INDEXABLE
chico-male,https://www.pottyregisteredpuppies.com/puppies/chico-male,chico-male,Coton De Tulear,Available,"Chico — Coton De Tulear Puppy | Male, 16 weeks | Potty Registered Puppies",Chico,265,YES,https://www.pottyregisteredpuppies.com/puppies/chico-male,YES,YES,2,VALID,VALID,YES,VALID,YES,BreadcrumbList + Product,NO,NO,STRONG_INDEXABLE
decter-male,https://www.pottyregisteredpuppies.com/puppies/decter-male,decter-male,Doodle,Available,"Dexter — Doodle Puppy | Male, 12 weeks | Potty Registered Puppies",Dexter,265,YES,https://www.pottyregisteredpuppies.com/puppies/decter-male,YES,YES,2,VALID,VALID,YES,VALID,YES,BreadcrumbList + Product,NO,NO,STRONG_INDEXABLE
lola-female,https://www.pottyregisteredpuppies.com/puppies/lola-female,lola-female,Chihuahua,Available,"Lola — Chihuahua Puppy | Female, 12 weeks | Potty Registered Puppies",Lola,256,YES,https://www.pottyregisteredpuppies.com/puppies/lola-female,YES,YES,2,VALID,VALID,YES,VALID,YES,BreadcrumbList + Product,NO,NO,STRONG_INDEXABLE
teddy-female,https://www.pottyregisteredpuppies.com/puppies/teddy-female,teddy-female,Biewer Terrier,Available,"Bella — Biewer Terrier Puppy | Female, 12 weeks | Potty Registered Puppies",Bella,279,YES,https://www.pottyregisteredpuppies.com/puppies/teddy-female,YES,YES,2,VALID,VALID,YES,VALID,YES,BreadcrumbList + Product,NO,NO,STRONG_INDEXABLE
velvet-female-2,https://www.pottyregisteredpuppies.com/puppies/velvet-female-2,velvet-female-2,Poodle,Available,"Velvet — Poodle Puppy | Female, 12 weeks | Potty Registered Puppies",Velvet,264,YES,https://www.pottyregisteredpuppies.com/puppies/velvet-female-2,YES,YES,2,VALID,VALID,YES,VALID,YES,BreadcrumbList + Product,NO,NO,STRONG_INDEXABLE
maggie-female-4,https://www.pottyregisteredpuppies.com/puppies/maggie-female-4,maggie-female-4,Yorkie,Available,"Maggie — Yorkie Puppy | Female, 12 weeks | Potty Registered Puppies",Maggie,273,YES,https://www.pottyregisteredpuppies.com/puppies/maggie-female-4,YES,YES,2,VALID,VALID,YES,VALID,YES,BreadcrumbList + Product,NO,NO,STRONG_INDEXABLE
gigi-female-5,https://www.pottyregisteredpuppies.com/puppies/gigi-female-5,gigi-female-5,Maltipoo,Available,"Gigi — Maltipoo Puppy | Female, 12 weeks | Potty Registered Puppies",Gigi,265,YES,https://www.pottyregisteredpuppies.com/puppies/gigi-female-5,YES,YES,2,VALID,VALID,YES,VALID,YES,BreadcrumbList + Product,NO,NO,STRONG_INDEXABLE
wrinkles-female,https://www.pottyregisteredpuppies.com/puppies/wrinkles-female,wrinkles-female,Pug,Available,"Wrinkles — Pug Puppy | Female, 12 weeks | Potty Registered Puppies",Wrinkles,268,YES,https://www.pottyregisteredpuppies.com/puppies/wrinkles-female,YES,YES,2,VALID,VALID,YES,VALID,YES,BreadcrumbList + Product,NO,NO,STRONG_INDEXABLE
diana-female-2,https://www.pottyregisteredpuppies.com/puppies/diana-female-2,diana-female-2,Pomeranian,Available,"Diana — Pomeranian Puppy | Female, 12 weeks | Potty Registered Puppies",Diana,266,YES,https://www.pottyregisteredpuppies.com/puppies/diana-female-2,YES,YES,2,VALID,VALID,YES,VALID,YES,BreadcrumbList + Product,NO,NO,STRONG_INDEXABLE
kofi-male-3,https://www.pottyregisteredpuppies.com/puppies/kofi-male-3,kofi-male-3,Yorkie,Available,"Kofi — Yorkie Puppy | Male, 16 weeks | Potty Registered Puppies",Kofi,267,YES,https://www.pottyregisteredpuppies.com/puppies/kofi-male-3,YES,YES,2,VALID,VALID,YES,VALID,YES,BreadcrumbList + Product,NO,NO,STRONG_INDEXABLE
oreo-male-1,https://www.pottyregisteredpuppies.com/puppies/oreo-male-1,oreo-male-1,Maltipoo,Available,"Oreo — Maltipoo Puppy | Male, 16 weeks | Potty Registered Puppies",Oreo,263,YES,https://www.pottyregisteredpuppies.com/puppies/oreo-male-1,YES,YES,2,VALID,VALID,YES,VALID,YES,BreadcrumbList + Product,NO,NO,STRONG_INDEXABLE
marco-male-2,https://www.pottyregisteredpuppies.com/puppies/marco-male-2,marco-male-2,Maltipoo,Available,"Marco — Maltipoo Puppy | Male, 20 weeks | Potty Registered Puppies",Marco,273,YES,https://www.pottyregisteredpuppies.com/puppies/marco-male-2,YES,YES,2,VALID,VALID,YES,VALID,YES,BreadcrumbList + Product,NO,NO,STRONG_INDEXABLE
cloud-female-2,https://www.pottyregisteredpuppies.com/puppies/cloud-female-2,cloud-female-2,Pomeranian,Available,"Cloud — Pomeranian Puppy | Female, 12 weeks | Potty Registered Puppies",Cloud,266,YES,https://www.pottyregisteredpuppies.com/puppies/cloud-female-2,YES,YES,2,VALID,VALID,YES,VALID,YES,BreadcrumbList + Product,NO,NO,STRONG_INDEXABLE
biscuit-male-2,https://www.pottyregisteredpuppies.com/puppies/biscuit-male-2,biscuit-male-2,Maltipoo,Available,"Biscuit — Maltipoo Puppy | Male, 12 weeks | Potty Registered Puppies",Biscuit,269,YES,https://www.pottyregisteredpuppies.com/puppies/biscuit-male-2,YES,YES,2,VALID,VALID,YES,VALID,YES,BreadcrumbList + Product,NO,NO,STRONG_INDEXABLE
milo-male-7,https://www.pottyregisteredpuppies.com/puppies/milo-male-7,milo-male-7,Pomsky,Available,"Milo — Pomsky Puppy | Male, 12 weeks | Potty Registered Puppies",Milo,266,YES,https://www.pottyregisteredpuppies.com/puppies/milo-male-7,YES,YES,2,VALID,VALID,YES,VALID,YES,BreadcrumbList + Product,NO,NO,STRONG_INDEXABLE
stella-female-4,https://www.pottyregisteredpuppies.com/puppies/stella-female-4,stella-female-4,Yorkie,Available,"Stella — Yorkie Puppy | Female, 12 weeks | Potty Registered Puppies",Stella,273,YES,https://www.pottyregisteredpuppies.com/puppies/stella-female-4,YES,YES,2,VALID,VALID,YES,VALID,YES,BreadcrumbList + Product,NO,NO,STRONG_INDEXABLE
arlo-male-1,https://www.pottyregisteredpuppies.com/puppies/arlo-male-1,arlo-male-1,Poodle,Available,"Arlo — Poodle Puppy | Male, 12 weeks | Potty Registered Puppies",Arlo,258,YES,https://www.pottyregisteredpuppies.com/puppies/arlo-male-1,YES,YES,2,VALID,VALID,YES,VALID,YES,BreadcrumbList + Product,NO,NO,STRONG_INDEXABLE
puff-female-3,https://www.pottyregisteredpuppies.com/puppies/puff-female-3,puff-female-3,Maltipom,Available,"Puff — Maltipom Puppy | Female, 12 weeks | Potty Registered Puppies",Puff,259,YES,https://www.pottyregisteredpuppies.com/puppies/puff-female-3,YES,YES,2,VALID,VALID,YES,VALID,YES,BreadcrumbList + Product,NO,NO,STRONG_INDEXABLE
teddy-male-3,https://www.pottyregisteredpuppies.com/puppies/teddy-male-3,teddy-male-3,Biewer Terrier,Available,"Teddy — Biewer Terrier Puppy | Male, 12 weeks | Potty Registered Puppies",Teddy,277,YES,https://www.pottyregisteredpuppies.com/puppies/teddy-male-3,YES,YES,2,VALID,VALID,YES,VALID,YES,BreadcrumbList + Product,NO,NO,STRONG_INDEXABLE
amelia-female-4,https://www.pottyregisteredpuppies.com/puppies/amelia-female-4,amelia-female-4,Poodle,Available,"Amelia — Poodle Puppy | Female, 12 weeks | Potty Registered Puppies",Amelia,264,YES,https://www.pottyregisteredpuppies.com/puppies/amelia-female-4,YES,YES,2,VALID,VALID,YES,VALID,YES,BreadcrumbList + Product,NO,NO,STRONG_INDEXABLE
dolores-female-2,https://www.pottyregisteredpuppies.com/puppies/dolores-female-2,dolores-female-2,Maltipoo,Available,"Dolores — Maltipoo Puppy | Female, 12 weeks | Potty Registered Puppies",Dolores,273,YES,https://www.pottyregisteredpuppies.com/puppies/dolores-female-2,YES,YES,2,VALID,VALID,YES,VALID,YES,BreadcrumbList + Product,NO,NO,STRONG_INDEXABLE
liliana-female,https://www.pottyregisteredpuppies.com/puppies/liliana-female,liliana-female,Yorkie,Available,"Liliana — Yorkie Puppy | Female, 20 weeks | Potty Registered Puppies",Liliana,271,YES,https://www.pottyregisteredpuppies.com/puppies/liliana-female,YES,YES,2,VALID,VALID,YES,VALID,YES,BreadcrumbList + Product,NO,NO,STRONG_INDEXABLE
gucci-female-1,https://www.pottyregisteredpuppies.com/puppies/gucci-female-1,gucci-female-1,Maltipoo,Available,"Chloe — Maltipoo Puppy | Female, 12 weeks | Potty Registered Puppies",Chloe,271,YES,https://www.pottyregisteredpuppies.com/puppies/gucci-female-1,YES,YES,2,VALID,VALID,YES,VALID,YES,BreadcrumbList + Product,NO,NO,STRONG_INDEXABLE
marshmallow-male,https://www.pottyregisteredpuppies.com/puppies/marshmallow-male,marshmallow-male,Coton De Tulear,Available,"Marshmallow — Coton De Tulear Puppy | Male, 12 weeks | Potty Registered Puppies",Marshmallow,277,YES,https://www.pottyregisteredpuppies.com/puppies/marshmallow-male,YES,YES,2,VALID,VALID,YES,VALID,YES,BreadcrumbList + Product,NO,NO,STRONG_INDEXABLE
mochi-female-3,https://www.pottyregisteredpuppies.com/puppies/mochi-female-3,mochi-female-3,Coton De Tulear,Available,"Mochi — Coton De Tulear Puppy | Female, 12 weeks | Potty Registered Puppies",Mochi,267,YES,https://www.pottyregisteredpuppies.com/puppies/mochi-female-3,YES,YES,2,VALID,VALID,YES,VALID,YES,BreadcrumbList + Product,NO,NO,STRONG_INDEXABLE
hugo-male-3,https://www.pottyregisteredpuppies.com/puppies/hugo-male-3,hugo-male-3,Maltipoo,Available,"Hugo — Maltipoo Puppy | Male, 16 weeks | Potty Registered Puppies",Hugo,263,YES,https://www.pottyregisteredpuppies.com/puppies/hugo-male-3,YES,YES,2,VALID,VALID,YES,VALID,YES,BreadcrumbList + Product,NO,NO,STRONG_INDEXABLE
jessica-female-8,https://www.pottyregisteredpuppies.com/puppies/jessica-female-8,jessica-female-8,Maltipoo,Available,"Jessica — Maltipoo Puppy | Female, 12 weeks | Potty Registered Puppies",Jessica,271,YES,https://www.pottyregisteredpuppies.com/puppies/jessica-female-8,YES,YES,2,VALID,VALID,YES,VALID,YES,BreadcrumbList + Product,NO,NO,STRONG_INDEXABLE
ewan-male-3,https://www.pottyregisteredpuppies.com/puppies/ewan-male-3,ewan-male-3,Maltipoo,Available,"Ewan — Maltipoo Puppy | Male, 12 weeks | Potty Registered Puppies",Ewan,263,YES,https://www.pottyregisteredpuppies.com/puppies/ewan-male-3,YES,YES,2,VALID,VALID,YES,VALID,YES,BreadcrumbList + Product,NO,NO,STRONG_INDEXABLE
gigi-female-4,https://www.pottyregisteredpuppies.com/puppies/gigi-female-4,gigi-female-4,Maltipoo,Available,"Gigi — Maltipoo Puppy | Female, 12 weeks | Potty Registered Puppies",Gigi,265,YES,https://www.pottyregisteredpuppies.com/puppies/gigi-female-4,YES,YES,2,VALID,VALID,YES,VALID,YES,BreadcrumbList + Product,NO,NO,STRONG_INDEXABLE
nutella-female,https://www.pottyregisteredpuppies.com/puppies/nutella-female,nutella-female,Pomeranian,Available,"Nutella — Pomeranian Puppy | Female, 12 weeks | Potty Registered Puppies",Nutella,269,YES,https://www.pottyregisteredpuppies.com/puppies/nutella-female,YES,YES,2,VALID,VALID,YES,VALID,YES,BreadcrumbList + Product,NO,NO,STRONG_INDEXABLE
rose-female-1,https://www.pottyregisteredpuppies.com/puppies/rose-female-1,rose-female-1,Poodle,Available,"Rose — Poodle Puppy | Female, 12 weeks | Potty Registered Puppies",Rose,268,YES,https://www.pottyregisteredpuppies.com/puppies/rose-female-1,YES,YES,2,VALID,VALID,YES,VALID,YES,BreadcrumbList + Product,NO,NO,STRONG_INDEXABLE
luna-female,https://www.pottyregisteredpuppies.com/puppies/luna-female,luna-female,Pomsky,Available,"Luna — Pomsky Puppy | Female, 16 weeks | Potty Registered Puppies",Luna,269,YES,https://www.pottyregisteredpuppies.com/puppies/luna-female,YES,YES,2,VALID,VALID,YES,VALID,YES,BreadcrumbList + Product,NO,NO,STRONG_INDEXABLE
dolly-female-2,https://www.pottyregisteredpuppies.com/puppies/dolly-female-2,dolly-female-2,Poodle,Available,"Ziggy — Poodle Puppy | Female, 16 weeks | Potty Registered Puppies",Ziggy,262,YES,https://www.pottyregisteredpuppies.com/puppies/dolly-female-2,YES,YES,2,VALID,VALID,YES,VALID,YES,BreadcrumbList + Product,NO,NO,STRONG_INDEXABLE
thor-male-2,https://www.pottyregisteredpuppies.com/puppies/thor-male-2,thor-male-2,Pomeranian,Available,"Thor — Pomeranian Puppy | Male, 12 weeks | Potty Registered Puppies",Thor,262,YES,https://www.pottyregisteredpuppies.com/puppies/thor-male-2,YES,YES,2,VALID,VALID,YES,VALID,YES,BreadcrumbList + Product,NO,NO,STRONG_INDEXABLE
cinnamon-female-3,https://www.pottyregisteredpuppies.com/puppies/cinnamon-female-3,cinnamon-female-3,Poodle,Available,"Cinnamon — Poodle Puppy | Female, 12 weeks | Potty Registered Puppies",Cinnamon,268,YES,https://www.pottyregisteredpuppies.com/puppies/cinnamon-female-3,YES,YES,2,VALID,VALID,YES,VALID,YES,BreadcrumbList + Product,NO,NO,STRONG_INDEXABLE
lala-female-3,https://www.pottyregisteredpuppies.com/puppies/lala-female-3,lala-female-3,Maltipoo,Available,"Lala — Maltipoo Puppy | Female, 12 weeks | Potty Registered Puppies",Lala,271,YES,https://www.pottyregisteredpuppies.com/puppies/lala-female-3,YES,YES,2,VALID,VALID,YES,VALID,YES,BreadcrumbList + Product,NO,NO,STRONG_INDEXABLE
hazel-female-1,https://www.pottyregisteredpuppies.com/puppies/hazel-female-1,hazel-female-1,Maltipoo,Available,"Hazel — Maltipoo Puppy | Female, 12 weeks | Potty Registered Puppies",Hazel,267,YES,https://www.pottyregisteredpuppies.com/puppies/hazel-female-1,YES,YES,2,VALID,VALID,YES,VALID,YES,BreadcrumbList + Product,NO,NO,STRONG_INDEXABLE
pomy-female-1,https://www.pottyregisteredpuppies.com/puppies/pomy-female-1,pomy-female-1,Pomeranian,Available,"Pomy — Pomeranian Puppy | Female, 12 weeks | Potty Registered Puppies",Pomy,260,YES,https://www.pottyregisteredpuppies.com/puppies/pomy-female-1,YES,YES,2,VALID,VALID,YES,VALID,YES,BreadcrumbList + Product,NO,NO,STRONG_INDEXABLE
coco-female-6,https://www.pottyregisteredpuppies.com/puppies/coco-female-6,coco-female-6,Poodle,Available,"Coco — Poodle Puppy | Female, 12 weeks | Potty Registered Puppies",Coco,267,YES,https://www.pottyregisteredpuppies.com/puppies/coco-female-6,YES,YES,2,VALID,VALID,YES,VALID,YES,BreadcrumbList + Product,NO,NO,STRONG_INDEXABLE
toby-male-7,https://www.pottyregisteredpuppies.com/puppies/toby-male-7,toby-male-7,Maltese,Available,"Toby — Maltese Puppy | Male, 12 weeks | Potty Registered Puppies",Toby,252,YES,https://www.pottyregisteredpuppies.com/puppies/toby-male-7,YES,YES,2,VALID,VALID,YES,VALID,YES,BreadcrumbList + Product,NO,NO,STRONG_INDEXABLE
sammy-male,https://www.pottyregisteredpuppies.com/puppies/sammy-male,sammy-male,Maltipoo,Available,"Sammy — Maltipoo Puppy | Male, 12 weeks | Potty Registered Puppies",Sammy,265,YES,https://www.pottyregisteredpuppies.com/puppies/sammy-male,YES,YES,2,VALID,VALID,YES,VALID,YES,BreadcrumbList + Product,NO,NO,STRONG_INDEXABLE
jessica-female-7,https://www.pottyregisteredpuppies.com/puppies/jessica-female-7,jessica-female-7,Maltipoo,Available,"Olivia — Maltipoo Puppy | Female, 12 weeks | Potty Registered Puppies",Olivia,269,YES,https://www.pottyregisteredpuppies.com/puppies/jessica-female-7,YES,YES,2,VALID,VALID,YES,VALID,YES,BreadcrumbList + Product,NO,NO,STRONG_INDEXABLE
misty-female,https://www.pottyregisteredpuppies.com/puppies/misty-female,misty-female,Poodle,Available,"Misty — Poodle Puppy | Female, 12 weeks | Potty Registered Puppies",Misty,265,YES,https://www.pottyregisteredpuppies.com/puppies/misty-female,YES,YES,2,VALID,VALID,YES,VALID,YES,BreadcrumbList + Product,NO,NO,STRONG_INDEXABLE
bagel-male-1,https://www.pottyregisteredpuppies.com/puppies/bagel-male-1,bagel-male-1,Maltipoo,Available,"Bagel — Maltipoo Puppy | Male, 12 weeks | Potty Registered Puppies",Bagel,265,YES,https://www.pottyregisteredpuppies.com/puppies/bagel-male-1,YES,YES,2,VALID,VALID,YES,VALID,YES,BreadcrumbList + Product,NO,NO,STRONG_INDEXABLE
chloe-female-4,https://www.pottyregisteredpuppies.com/puppies/chloe-female-4,chloe-female-4,Maltipoo,Available,"Chloe — Maltipoo Puppy | Female, 12 weeks | Potty Registered Puppies",Chloe,267,YES,https://www.pottyregisteredpuppies.com/puppies/chloe-female-4,YES,YES,2,VALID,VALID,YES,VALID,YES,BreadcrumbList + Product,NO,NO,STRONG_INDEXABLE
arthur-male-1,https://www.pottyregisteredpuppies.com/puppies/arthur-male-1,arthur-male-1,King Charles,Available,"Arthur — King Charles Puppy | Male, 12 weeks | Potty Registered Puppies",Arthur,270,YES,https://www.pottyregisteredpuppies.com/puppies/arthur-male-1,YES,YES,2,VALID,VALID,YES,VALID,YES,BreadcrumbList + Product,NO,NO,STRONG_INDEXABLE
poodles,https://www.pottyregisteredpuppies.com/puppies/poodles,poodles,Poodle,Available,"Oliver &Amp; Jessica — Poodle Puppy | Female, 12 weeks | Potty Registered Puppies",Oliver &Amp; Jessica,292,YES,https://www.pottyregisteredpuppies.com/puppies/poodles,YES,YES,2,VALID,VALID,YES,VALID,YES,BreadcrumbList + Product,NO,NO,STRONG_INDEXABLE
mochi-female-2,https://www.pottyregisteredpuppies.com/puppies/mochi-female-2,mochi-female-2,Pomeranian,Available,"Mochi — Pomeranian Puppy | Female, 12 weeks | Potty Registered Puppies",Mochi,261,YES,https://www.pottyregisteredpuppies.com/puppies/mochi-female-2,YES,YES,2,VALID,VALID,YES,VALID,YES,BreadcrumbList + Product,NO,NO,STRONG_INDEXABLE
jessica-female-6,https://www.pottyregisteredpuppies.com/puppies/jessica-female-6,jessica-female-6,Poodle,Available,"Jessica — Poodle Puppy | Female, 16 weeks | Potty Registered Puppies",Jessica,270,YES,https://www.pottyregisteredpuppies.com/puppies/jessica-female-6,YES,YES,2,VALID,VALID,YES,VALID,YES,BreadcrumbList + Product,NO,NO,STRONG_INDEXABLE
boomer-male,https://www.pottyregisteredpuppies.com/puppies/boomer-male,boomer-male,Maltipoo,Available,"Boomer — Maltipoo Puppy | Male, 12 weeks | Potty Registered Puppies",Boomer,265,YES,https://www.pottyregisteredpuppies.com/puppies/boomer-male,YES,YES,2,VALID,VALID,YES,VALID,YES,BreadcrumbList + Product,NO,NO,STRONG_INDEXABLE
toby-male-6,https://www.pottyregisteredpuppies.com/puppies/toby-male-6,toby-male-6,Maltitzu,Available,"Toby — Maltitzu Puppy | Male, 16 weeks | Potty Registered Puppies",Toby,262,YES,https://www.pottyregisteredpuppies.com/puppies/toby-male-6,YES,YES,2,VALID,VALID,YES,VALID,YES,BreadcrumbList + Product,NO,NO,STRONG_INDEXABLE
puffin-female-2,https://www.pottyregisteredpuppies.com/puppies/puffin-female-2,puffin-female-2,Pomeranian,Available,"Puffin — Pomeranian Puppy | Female, 12 weeks | Potty Registered Puppies",Puffin,263,YES,https://www.pottyregisteredpuppies.com/puppies/puffin-female-2,YES,YES,2,VALID,VALID,YES,VALID,YES,BreadcrumbList + Product,NO,NO,STRONG_INDEXABLE
felix-male,https://www.pottyregisteredpuppies.com/puppies/felix-male,felix-male,Poodle,Available,"Felix — Poodle Puppy | Male, 16 weeks | Potty Registered Puppies",Felix,260,YES,https://www.pottyregisteredpuppies.com/puppies/felix-male,YES,YES,2,VALID,VALID,YES,VALID,YES,BreadcrumbList + Product,NO,NO,STRONG_INDEXABLE
piper-male-3,https://www.pottyregisteredpuppies.com/puppies/piper-male-3,piper-male-3,Yorkie,Available,"Piper — Yorkie Puppy | Male, 12 weeks | Potty Registered Puppies",Piper,257,YES,https://www.pottyregisteredpuppies.com/puppies/piper-male-3,YES,YES,2,VALID,VALID,YES,VALID,YES,BreadcrumbList + Product,NO,NO,STRONG_INDEXABLE
stella-female-3,https://www.pottyregisteredpuppies.com/puppies/stella-female-3,stella-female-3,Yorkie,Available,"Stella — Yorkie Puppy | Female, 12 weeks | Potty Registered Puppies",Stella,273,YES,https://www.pottyregisteredpuppies.com/puppies/stella-female-3,YES,YES,2,VALID,VALID,YES,VALID,YES,BreadcrumbList + Product,NO,NO,STRONG_INDEXABLE
jessica-female-5,https://www.pottyregisteredpuppies.com/puppies/jessica-female-5,jessica-female-5,Poodle,Available,"Jessica — Poodle Puppy | Female, 12 weeks | Potty Registered Puppies",Jessica,266,YES,https://www.pottyregisteredpuppies.com/puppies/jessica-female-5,YES,YES,2,VALID,VALID,YES,VALID,YES,BreadcrumbList + Product,NO,NO,STRONG_INDEXABLE
diana-female-1,https://www.pottyregisteredpuppies.com/puppies/diana-female-1,diana-female-1,Pomeranian,Available,"Diana — Pomeranian Puppy | Female, 12 weeks | Potty Registered Puppies",Diana,271,YES,https://www.pottyregisteredpuppies.com/puppies/diana-female-1,YES,YES,2,VALID,VALID,YES,VALID,YES,BreadcrumbList + Product,NO,NO,STRONG_INDEXABLE
lyra-female-5,https://www.pottyregisteredpuppies.com/puppies/lyra-female-5,lyra-female-5,Maltipoo,Available,"Lyra — Maltipoo Puppy | Female, 12 weeks | Potty Registered Puppies",Lyra,253,YES,https://www.pottyregisteredpuppies.com/puppies/lyra-female-5,YES,YES,2,VALID,VALID,YES,VALID,YES,BreadcrumbList + Product,NO,NO,STRONG_INDEXABLE
austin-male-1,https://www.pottyregisteredpuppies.com/puppies/austin-male-1,austin-male-1,Maltipoo,Available,"Austin — Maltipoo Puppy | Male, 16 weeks | Potty Registered Puppies",Austin,267,YES,https://www.pottyregisteredpuppies.com/puppies/austin-male-1,YES,YES,2,VALID,VALID,YES,VALID,YES,BreadcrumbList + Product,NO,NO,STRONG_INDEXABLE
giovanni-male-1,https://www.pottyregisteredpuppies.com/puppies/giovanni-male-1,giovanni-male-1,Pomeranian,Available,"Giovanni — Pomeranian Puppy | Male, 12 weeks | Potty Registered Puppies",Giovanni,265,YES,https://www.pottyregisteredpuppies.com/puppies/giovanni-male-1,YES,YES,2,VALID,VALID,YES,VALID,YES,BreadcrumbList + Product,NO,NO,STRONG_INDEXABLE
kyle-male-3,https://www.pottyregisteredpuppies.com/puppies/kyle-male-3,kyle-male-3,Pomeranian,Available,"Kyle — Pomeranian Puppy | Male, 12 weeks | Potty Registered Puppies",Kyle,264,YES,https://www.pottyregisteredpuppies.com/puppies/kyle-male-3,YES,YES,2,VALID,VALID,YES,VALID,YES,BreadcrumbList + Product,NO,NO,STRONG_INDEXABLE
oscar-male-4,https://www.pottyregisteredpuppies.com/puppies/oscar-male-4,oscar-male-4,Pomeranian,Available,"Oscar — Pomeranian Puppy | Male, 12 weeks | Potty Registered Puppies",Oscar,264,YES,https://www.pottyregisteredpuppies.com/puppies/oscar-male-4,YES,YES,2,VALID,VALID,YES,VALID,YES,BreadcrumbList + Product,NO,NO,STRONG_INDEXABLE
aspen-male-3,https://www.pottyregisteredpuppies.com/puppies/aspen-male-3,aspen-male-3,Pomeranian,Available,"Aspen — Pomeranian Puppy | Male, 12 weeks | Potty Registered Puppies",Aspen,265,YES,https://www.pottyregisteredpuppies.com/puppies/aspen-male-3,YES,YES,2,VALID,VALID,YES,VALID,YES,BreadcrumbList + Product,NO,NO,STRONG_INDEXABLE
jessica-female-4,https://www.pottyregisteredpuppies.com/puppies/jessica-female-4,jessica-female-4,Maltipoo,Available,"Jessica — Maltipoo Puppy | Female, 16 weeks | Potty Registered Puppies",Jessica,273,YES,https://www.pottyregisteredpuppies.com/puppies/jessica-female-4,YES,YES,2,VALID,VALID,YES,VALID,YES,BreadcrumbList + Product,NO,NO,STRONG_INDEXABLE
milo-male-6,https://www.pottyregisteredpuppies.com/puppies/milo-male-6,milo-male-6,Poodle,Available,"Milo — Poodle Puppy | Male, 12 weeks | Potty Registered Puppies",Milo,258,YES,https://www.pottyregisteredpuppies.com/puppies/milo-male-6,YES,YES,2,VALID,VALID,YES,VALID,YES,BreadcrumbList + Product,NO,NO,STRONG_INDEXABLE
melina-female-3,https://www.pottyregisteredpuppies.com/puppies/melina-female-3,melina-female-3,Poodle,Available,"Melina — Poodle Puppy | Female, 12 weeks | Potty Registered Puppies",Melina,271,YES,https://www.pottyregisteredpuppies.com/puppies/melina-female-3,YES,YES,2,VALID,VALID,YES,VALID,YES,BreadcrumbList + Product,NO,NO,STRONG_INDEXABLE
mocha-female,https://www.pottyregisteredpuppies.com/puppies/mocha-female,mocha-female,Poodle,Available,"Mocha — Poodle Puppy | Female, 12 weeks | Potty Registered Puppies",Mocha,274,YES,https://www.pottyregisteredpuppies.com/puppies/mocha-female,YES,YES,2,VALID,VALID,YES,VALID,YES,BreadcrumbList + Product,NO,NO,STRONG_INDEXABLE
lyra-female-4,https://www.pottyregisteredpuppies.com/puppies/lyra-female-4,lyra-female-4,Maltipoo,Available,"Lyra — Maltipoo Puppy | Female, 12 weeks | Potty Registered Puppies",Lyra,265,YES,https://www.pottyregisteredpuppies.com/puppies/lyra-female-4,YES,YES,2,VALID,VALID,YES,VALID,YES,BreadcrumbList + Product,NO,NO,STRONG_INDEXABLE
grace-female-1,https://www.pottyregisteredpuppies.com/puppies/grace-female-1,grace-female-1,Maltese,Available,"Grace — Maltese Puppy | Female, 20 weeks | Potty Registered Puppies",Grace,260,YES,https://www.pottyregisteredpuppies.com/puppies/grace-female-1,YES,YES,2,VALID,VALID,YES,VALID,YES,BreadcrumbList + Product,NO,NO,STRONG_INDEXABLE
gigi-female-3,https://www.pottyregisteredpuppies.com/puppies/gigi-female-3,gigi-female-3,Bichon Frise,Available,"Gigi — Bichon Frise Puppy | Female, 12 weeks | Potty Registered Puppies",Gigi,264,YES,https://www.pottyregisteredpuppies.com/puppies/gigi-female-3,YES,YES,2,VALID,VALID,YES,VALID,YES,BreadcrumbList + Product,NO,NO,STRONG_INDEXABLE
roxy-female-4,https://www.pottyregisteredpuppies.com/puppies/roxy-female-4,roxy-female-4,Pomsky,Available,"Roxy — Pomsky Puppy | Female, 12 weeks | Potty Registered Puppies",Roxy,268,YES,https://www.pottyregisteredpuppies.com/puppies/roxy-female-4,YES,YES,2,VALID,VALID,YES,VALID,YES,BreadcrumbList + Product,NO,NO,STRONG_INDEXABLE
knox-male,https://www.pottyregisteredpuppies.com/puppies/knox-male,knox-male,Pomsky,Available,"Knox — Pomsky Puppy | Male, 12 weeks | Potty Registered Puppies",Knox,261,YES,https://www.pottyregisteredpuppies.com/puppies/knox-male,YES,YES,2,VALID,VALID,YES,VALID,YES,BreadcrumbList + Product,NO,NO,STRONG_INDEXABLE
nova-female,https://www.pottyregisteredpuppies.com/puppies/nova-female,nova-female,Doodle,Available,"Nova — Doodle Puppy | Female, 12 weeks | Potty Registered Puppies",Nova,263,YES,https://www.pottyregisteredpuppies.com/puppies/nova-female,YES,YES,2,VALID,VALID,YES,VALID,YES,BreadcrumbList + Product,NO,NO,STRONG_INDEXABLE
esme-female-purchased-by-kim-copy,https://www.pottyregisteredpuppies.com/puppies/esme-female-purchased-by-kim-copy,esme-female-purchased-by-kim-copy,Maltipoo,Available,"Esme — Maltipoo Puppy | Female, 12 weeks | Potty Registered Puppies",Esme,265,YES,https://www.pottyregisteredpuppies.com/puppies/esme-female-purchased-by-kim-copy,YES,YES,2,VALID,VALID,YES,VALID,YES,BreadcrumbList + Product,NO,NO,STRONG_INDEXABLE
giselle-female,https://www.pottyregisteredpuppies.com/puppies/giselle-female,giselle-female,Maltipom,Available,"Giselle — Maltipom Puppy | Female, 12 weeks | Potty Registered Puppies",Giselle,265,YES,https://www.pottyregisteredpuppies.com/puppies/giselle-female,YES,YES,2,VALID,VALID,YES,VALID,YES,BreadcrumbList + Product,NO,NO,STRONG_INDEXABLE
boo-male-3,https://www.pottyregisteredpuppies.com/puppies/boo-male-3,boo-male-3,Pomeranian,Available,"Boo — Pomeranian Puppy | Male, 12 weeks | Potty Registered Puppies",Boo,255,YES,https://www.pottyregisteredpuppies.com/puppies/boo-male-3,YES,YES,2,VALID,VALID,YES,VALID,YES,BreadcrumbList + Product,NO,NO,STRONG_INDEXABLE
bambi-male-2,https://www.pottyregisteredpuppies.com/puppies/bambi-male-2,bambi-male-2,Pomeranian,Available,"Bambi — Pomeranian Puppy | Male, 12 weeks | Potty Registered Puppies",Bambi,259,YES,https://www.pottyregisteredpuppies.com/puppies/bambi-male-2,YES,YES,2,VALID,VALID,YES,VALID,YES,BreadcrumbList + Product,NO,NO,STRONG_INDEXABLE
mason-male-2,https://www.pottyregisteredpuppies.com/puppies/mason-male-2,mason-male-2,Maltitzu,Available,"Benny — Maltitzu Puppy | Male, 12 weeks | Potty Registered Puppies",Benny,264,YES,https://www.pottyregisteredpuppies.com/puppies/mason-male-2,YES,YES,2,VALID,VALID,YES,VALID,YES,BreadcrumbList + Product,NO,NO,STRONG_INDEXABLE
louis-male,https://www.pottyregisteredpuppies.com/puppies/louis-male,louis-male,Morkie,Available,"Louis — Morkie Puppy | Male, 12 weeks | Potty Registered Puppies",Louis,263,YES,https://www.pottyregisteredpuppies.com/puppies/louis-male,YES,YES,2,VALID,VALID,YES,VALID,YES,BreadcrumbList + Product,NO,NO,STRONG_INDEXABLE
olivia-female,https://www.pottyregisteredpuppies.com/puppies/olivia-female,olivia-female,Poodle,Available,"Olivia — Poodle Puppy | Female, 12 weeks | Potty Registered Puppies",Olivia,264,YES,https://www.pottyregisteredpuppies.com/puppies/olivia-female,YES,YES,2,VALID,VALID,YES,VALID,YES,BreadcrumbList + Product,NO,NO,STRONG_INDEXABLE
tippy-female-3,https://www.pottyregisteredpuppies.com/puppies/tippy-female-3,tippy-female-3,Poodle,Available,"Tippy — Poodle Puppy | Female, 12 weeks | Potty Registered Puppies",Tippy,266,YES,https://www.pottyregisteredpuppies.com/puppies/tippy-female-3,YES,YES,2,VALID,VALID,YES,VALID,YES,BreadcrumbList + Product,NO,NO,STRONG_INDEXABLE
aurora-female,https://www.pottyregisteredpuppies.com/puppies/aurora-female,aurora-female,Doodle,Available,"Aurora — Doodle Puppy | Female, 12 weeks | Potty Registered Puppies",Aurora,277,YES,https://www.pottyregisteredpuppies.com/puppies/aurora-female,YES,YES,2,VALID,VALID,YES,VALID,YES,BreadcrumbList + Product,NO,NO,STRONG_INDEXABLE
toby-male-5,https://www.pottyregisteredpuppies.com/puppies/toby-male-5,toby-male-5,Bichon Frise,Available,"Toby — Bichon Frise Puppy | Male, 12 weeks | Potty Registered Puppies",Toby,262,YES,https://www.pottyregisteredpuppies.com/puppies/toby-male-5,YES,YES,2,VALID,VALID,YES,VALID,YES,BreadcrumbList + Product,NO,NO,STRONG_INDEXABLE
marco-male-1,https://www.pottyregisteredpuppies.com/puppies/marco-male-1,marco-male-1,Maltipoo,Available,"Marco — Maltipoo Puppy | Male, 12 weeks | Potty Registered Puppies",Marco,265,YES,https://www.pottyregisteredpuppies.com/puppies/marco-male-1,YES,YES,2,VALID,VALID,YES,VALID,YES,BreadcrumbList + Product,NO,NO,STRONG_INDEXABLE
kofi-male-2,https://www.pottyregisteredpuppies.com/puppies/kofi-male-2,kofi-male-2,Yorkie,Available,"Kofi — Yorkie Puppy | Male, 12 weeks | Potty Registered Puppies",Kofi,267,YES,https://www.pottyregisteredpuppies.com/puppies/kofi-male-2,YES,YES,2,VALID,VALID,YES,VALID,YES,BreadcrumbList + Product,NO,NO,STRONG_INDEXABLE
cloud-female-1,https://www.pottyregisteredpuppies.com/puppies/cloud-female-1,cloud-female-1,Pomeranian,Available,"Cloud — Pomeranian Puppy | Female, 12 weeks | Potty Registered Puppies",Cloud,261,YES,https://www.pottyregisteredpuppies.com/puppies/cloud-female-1,YES,YES,2,VALID,VALID,YES,VALID,YES,BreadcrumbList + Product,NO,NO,STRONG_INDEXABLE
oscar-male-3,https://www.pottyregisteredpuppies.com/puppies/oscar-male-3,oscar-male-3,Pomsky,Available,"Oscar — Pomsky Puppy | Male, 20 weeks | Potty Registered Puppies",Oscar,268,YES,https://www.pottyregisteredpuppies.com/puppies/oscar-male-3,YES,YES,2,VALID,VALID,YES,VALID,YES,BreadcrumbList + Product,NO,NO,STRONG_INDEXABLE
lala-female-2,https://www.pottyregisteredpuppies.com/puppies/lala-female-2,lala-female-2,Maltipoo,Available,"Lala — Maltipoo Puppy | Female, 12 weeks | Potty Registered Puppies",Lala,265,YES,https://www.pottyregisteredpuppies.com/puppies/lala-female-2,YES,YES,2,VALID,VALID,YES,VALID,YES,BreadcrumbList + Product,NO,NO,STRONG_INDEXABLE
gigi-female-2,https://www.pottyregisteredpuppies.com/puppies/gigi-female-2,gigi-female-2,Maltipoo,Available,"Gigi — Maltipoo Puppy | Female, 12 weeks | Potty Registered Puppies",Gigi,272,YES,https://www.pottyregisteredpuppies.com/puppies/gigi-female-2,YES,YES,2,VALID,VALID,YES,VALID,YES,BreadcrumbList + Product,NO,NO,STRONG_INDEXABLE
bentley-male-4,https://www.pottyregisteredpuppies.com/puppies/bentley-male-4,bentley-male-4,Maltese,Available,"Bentley — Maltese Puppy | Male, 24 weeks | Potty Registered Puppies",Bentley,262,YES,https://www.pottyregisteredpuppies.com/puppies/bentley-male-4,YES,YES,2,VALID,VALID,YES,VALID,YES,BreadcrumbList + Product,NO,NO,STRONG_INDEXABLE
stella-female-2,https://www.pottyregisteredpuppies.com/puppies/stella-female-2,stella-female-2,Yorkie,Available,"Stella — Yorkie Puppy | Female, 12 weeks | Potty Registered Puppies",Stella,273,YES,https://www.pottyregisteredpuppies.com/puppies/stella-female-2,YES,YES,2,VALID,VALID,YES,VALID,YES,BreadcrumbList + Product,NO,NO,STRONG_INDEXABLE
glacier-male-1,https://www.pottyregisteredpuppies.com/puppies/glacier-male-1,glacier-male-1,Pomeranian,Available,"Glacier — Pomeranian Puppy | Male, 12 weeks | Potty Registered Puppies",Glacier,263,YES,https://www.pottyregisteredpuppies.com/puppies/glacier-male-1,YES,YES,2,VALID,VALID,YES,VALID,YES,BreadcrumbList + Product,NO,NO,STRONG_INDEXABLE
lady-female,https://www.pottyregisteredpuppies.com/puppies/lady-female,lady-female,Poodle,Available,"Lady — Poodle Puppy | Female, 12 weeks | Potty Registered Puppies",Lady,260,YES,https://www.pottyregisteredpuppies.com/puppies/lady-female,YES,YES,2,VALID,VALID,YES,VALID,YES,BreadcrumbList + Product,NO,NO,STRONG_INDEXABLE
camille-female-3,https://www.pottyregisteredpuppies.com/puppies/camille-female-3,camille-female-3,Maltipoo,Available,"Camille — Maltipoo Puppy | Female, 12 weeks | Potty Registered Puppies",Camille,269,YES,https://www.pottyregisteredpuppies.com/puppies/camille-female-3,YES,YES,2,VALID,VALID,YES,VALID,YES,BreadcrumbList + Product,NO,NO,STRONG_INDEXABLE
dolores-female-purchased-by-melbourne-copy,https://www.pottyregisteredpuppies.com/puppies/dolores-female-purchased-by-melbourne-copy,dolores-female-purchased-by-melbourne-copy,Maltipoo,Available,"Coco — Maltipoo Puppy | Female, 12 weeks | Potty Registered Puppies",Coco,265,YES,https://www.pottyregisteredpuppies.com/puppies/dolores-female-purchased-by-melbourne-copy,YES,YES,2,VALID,VALID,YES,VALID,YES,BreadcrumbList + Product,NO,NO,STRONG_INDEXABLE
myles-male-3,https://www.pottyregisteredpuppies.com/puppies/myles-male-3,myles-male-3,Maltipoo,Available,"Myles — Maltipoo Puppy | Male, 12 weeks | Potty Registered Puppies",Myles,265,YES,https://www.pottyregisteredpuppies.com/puppies/myles-male-3,YES,YES,2,VALID,VALID,YES,VALID,YES,BreadcrumbList + Product,NO,NO,STRONG_INDEXABLE
reese-male,https://www.pottyregisteredpuppies.com/puppies/reese-male,reese-male,Pomeranian,Available,"Cleef — Pomeranian Puppy | Male, 20 weeks | Potty Registered Puppies",Cleef,269,YES,https://www.pottyregisteredpuppies.com/puppies/reese-male,YES,YES,2,VALID,VALID,YES,VALID,YES,BreadcrumbList + Product,NO,NO,STRONG_INDEXABLE
snowy-female,https://www.pottyregisteredpuppies.com/puppies/snowy-female,snowy-female,Coton De Tulear,Available,"Snowy — Coton De Tulear Puppy | Male, 12 weeks | Potty Registered Puppies",Snowy,265,YES,https://www.pottyregisteredpuppies.com/puppies/snowy-female,YES,YES,2,VALID,VALID,YES,VALID,YES,BreadcrumbList + Product,NO,NO,STRONG_INDEXABLE
simon-male-4,https://www.pottyregisteredpuppies.com/puppies/simon-male-4,simon-male-4,Poodle,Available,"Simon — Poodle Puppy | Male, 12 weeks | Potty Registered Puppies",Simon,261,YES,https://www.pottyregisteredpuppies.com/puppies/simon-male-4,YES,YES,2,VALID,VALID,YES,VALID,YES,BreadcrumbList + Product,NO,NO,STRONG_INDEXABLE
puff-female-2,https://www.pottyregisteredpuppies.com/puppies/puff-female-2,puff-female-2,Pomeranian,Available,"Puff — Pomeranian Puppy | Female, 12 weeks | Potty Registered Puppies",Puff,259,YES,https://www.pottyregisteredpuppies.com/puppies/puff-female-2,YES,YES,2,VALID,VALID,YES,VALID,YES,BreadcrumbList + Product,NO,NO,STRONG_INDEXABLE
chloe-female-3,https://www.pottyregisteredpuppies.com/puppies/chloe-female-3,chloe-female-3,Maltipoo,Available,"Chloe — Maltipoo Puppy | Female, 12 weeks | Potty Registered Puppies",Chloe,267,YES,https://www.pottyregisteredpuppies.com/puppies/chloe-female-3,YES,YES,2,VALID,VALID,YES,VALID,YES,BreadcrumbList + Product,NO,NO,STRONG_INDEXABLE
finn-male,https://www.pottyregisteredpuppies.com/puppies/finn-male,finn-male,Maltipoo,Available,"Finn — Maltipoo Puppy | Male, 12 weeks | Potty Registered Puppies",Finn,267,YES,https://www.pottyregisteredpuppies.com/puppies/finn-male,YES,YES,2,VALID,VALID,YES,VALID,YES,BreadcrumbList + Product,NO,NO,STRONG_INDEXABLE
scarlet-female-1,https://www.pottyregisteredpuppies.com/puppies/scarlet-female-1,scarlet-female-1,Poodle,Available,"Scarlet — Poodle Puppy | Female, 12 weeks | Potty Registered Puppies",Scarlet,266,YES,https://www.pottyregisteredpuppies.com/puppies/scarlet-female-1,YES,YES,2,VALID,VALID,YES,VALID,YES,BreadcrumbList + Product,NO,NO,STRONG_INDEXABLE
biscuit-male-1,https://www.pottyregisteredpuppies.com/puppies/biscuit-male-1,biscuit-male-1,Maltipoo,Available,"Biscuit — Maltipoo Puppy | Male, 12 weeks | Potty Registered Puppies",Biscuit,269,YES,https://www.pottyregisteredpuppies.com/puppies/biscuit-male-1,YES,YES,2,VALID,VALID,YES,VALID,YES,BreadcrumbList + Product,NO,NO,STRONG_INDEXABLE
alfie-male,https://www.pottyregisteredpuppies.com/puppies/alfie-male,alfie-male,King Charles,Available,"Alfie — King Charles Puppy | Male, 12 weeks | Potty Registered Puppies",Alfie,268,YES,https://www.pottyregisteredpuppies.com/puppies/alfie-male,YES,YES,2,VALID,VALID,YES,VALID,YES,BreadcrumbList + Product,NO,NO,STRONG_INDEXABLE
theo-male-1,https://www.pottyregisteredpuppies.com/puppies/theo-male-1,theo-male-1,Pomeranian,Available,"Theo — Pomeranian Puppy | Male, 12 weeks | Potty Registered Puppies",Theo,262,YES,https://www.pottyregisteredpuppies.com/puppies/theo-male-1,YES,YES,2,VALID,VALID,YES,VALID,YES,BreadcrumbList + Product,NO,NO,STRONG_INDEXABLE
new-babies-6,https://www.pottyregisteredpuppies.com/puppies/new-babies-6,new-babies-6,Poodle,Available,"Loki — Poodle Puppy | Male, 12 weeks | Potty Registered Puppies",Loki,260,YES,https://www.pottyregisteredpuppies.com/puppies/new-babies-6,YES,YES,2,VALID,VALID,YES,VALID,YES,BreadcrumbList + Product,NO,NO,STRONG_INDEXABLE
emma-female-2,https://www.pottyregisteredpuppies.com/puppies/emma-female-2,emma-female-2,Yorkie,Available,"Zoey — Yorkie Puppy | Female, 12 weeks | Potty Registered Puppies",Zoey,269,YES,https://www.pottyregisteredpuppies.com/puppies/emma-female-2,YES,YES,2,VALID,VALID,YES,VALID,YES,BreadcrumbList + Product,NO,NO,STRONG_INDEXABLE
rex-male,https://www.pottyregisteredpuppies.com/puppies/rex-male,rex-male,Pomsky,Available,"Rex — Pomsky Puppy | Male, 12 weeks | Potty Registered Puppies",Rex,258,YES,https://www.pottyregisteredpuppies.com/puppies/rex-male,YES,YES,2,VALID,VALID,YES,VALID,YES,BreadcrumbList + Product,NO,NO,STRONG_INDEXABLE
lucky-male-1,https://www.pottyregisteredpuppies.com/puppies/lucky-male-1,lucky-male-1,Pomsky,Available,"Koda — Pomsky Puppy | Male, 12 weeks | Potty Registered Puppies",Koda,266,YES,https://www.pottyregisteredpuppies.com/puppies/lucky-male-1,YES,YES,2,VALID,VALID,YES,VALID,YES,BreadcrumbList + Product,NO,NO,STRONG_INDEXABLE
pico-male,https://www.pottyregisteredpuppies.com/puppies/pico-male,pico-male,Maltipoo,Available,"Pico — Maltipoo Puppy | Male, 12 weeks | Potty Registered Puppies",Pico,264,YES,https://www.pottyregisteredpuppies.com/puppies/pico-male,YES,YES,2,VALID,VALID,YES,VALID,YES,BreadcrumbList + Product,NO,NO,STRONG_INDEXABLE
myles-male-2,https://www.pottyregisteredpuppies.com/puppies/myles-male-2,myles-male-2,Maltipoo,Available,"Myles — Maltipoo Puppy | Male, 12 weeks | Potty Registered Puppies",Myles,265,YES,https://www.pottyregisteredpuppies.com/puppies/myles-male-2,YES,YES,2,VALID,VALID,YES,VALID,YES,BreadcrumbList + Product,NO,NO,STRONG_INDEXABLE
molly-female-3,https://www.pottyregisteredpuppies.com/puppies/molly-female-3,molly-female-3,Mini Schnauzer,Available,"Bailey — Mini Schnauzer Puppy | Female, 12 weeks | Potty Registered Puppies",Bailey,275,YES,https://www.pottyregisteredpuppies.com/puppies/molly-female-3,YES,YES,2,VALID,VALID,YES,VALID,YES,BreadcrumbList + Product,NO,NO,STRONG_INDEXABLE
kofi-male-1,https://www.pottyregisteredpuppies.com/puppies/kofi-male-1,kofi-male-1,Yorkie,Available,"Kofi — Yorkie Puppy | Male, 12 weeks | Potty Registered Puppies",Kofi,267,YES,https://www.pottyregisteredpuppies.com/puppies/kofi-male-1,YES,YES,2,VALID,VALID,YES,VALID,YES,BreadcrumbList + Product,NO,NO,STRONG_INDEXABLE
valentina-female-1,https://www.pottyregisteredpuppies.com/puppies/valentina-female-1,valentina-female-1,Maltese,Available,"Valentina — Maltese Puppy | Female, 20 weeks | Potty Registered Puppies",Valentina,268,YES,https://www.pottyregisteredpuppies.com/puppies/valentina-female-1,YES,YES,2,VALID,VALID,YES,VALID,YES,BreadcrumbList + Product,NO,NO,STRONG_INDEXABLE
bianca-female,https://www.pottyregisteredpuppies.com/puppies/bianca-female,bianca-female,Mini Schnauzer,Available,"Bianca — Mini Schnauzer Puppy | Female, 12 weeks | Potty Registered Puppies",Bianca,275,YES,https://www.pottyregisteredpuppies.com/puppies/bianca-female,YES,YES,2,VALID,VALID,YES,VALID,YES,BreadcrumbList + Product,NO,NO,STRONG_INDEXABLE
